feature1,feature2,label
2.6144375154868773,2.35551616952071,1
2.996755528728722,1.7257422460482368,1
-2.9644899407367364,-1.8892196848806175,0
2.645604283159159,2.0127869892031653,1
-2.453810447170582,-2.8533522257586044,0
-2.9091146373191314,-1.1798754395332853,0
1.3960744608322153,2.6839271366774273,1
-3.0672321493425674,-1.1023734131064902,0
-2.267860168730317,-1.8835460042610155,0
2.551537360745122,1.5991135486766037,1
-1.8530200573347664,-2.304165905222678,0
0.8037586144571267,2.2244339419085435,1
2.418933988168154,2.2360912312530496,1
1.5177952592181616,2.9834700832664405,1
2.038684648886072,0.8147200601876772,1
2.312673457027603,2.3871293515700343,1
-2.5539399476665423,-2.8110107633698003,0
1.6509914516308137,1.39114596158428,1
2.1444519076931408,3.561009868508237,1
-1.631499979973945,-1.545495373971617,0
-1.3774760334452605,-2.306009839312848,0
-2.5253709520308543,-2.8296798385786017,0
-2.387943730545516,-2.648928802168637,0
3.2943849279593023,1.636571046197997,1
2.0293160421954224,2.0243550147223295,1
-1.9726568960577118,-2.3909602085634902,0
-1.048389910312789,-2.742689299296109,0
2.790269040403919,1.9291588838053528,1
1.9503915884943805,1.92695149497003,1
2.9184504994062186,2.73125711101839,1
-1.9506296064347455,-1.3607117749607893,0
2.9673669547931874,2.788948672150428,1
-2.26402669201819,-1.9215556536283451,0
1.8978892264850429,1.7280631704036349,1
-1.5060976496228513,-1.9560092196869576,0
2.0460931346361533,1.2302046654868581,1
-2.270039282887546,-1.6262900405915008,0
-2.216579699491448,-1.3044021179814513,0
2.30816006394183,1.680379496202853,1
-3.0220294636130927,-2.033328619337971,0
2.732620217315212,2.3492586220811695,1
1.888827404673375,1.9221075801599443,1
2.882702196496165,1.8744057937088803,1
-2.057177319432171,-1.8325870845377965,0
-1.712612104552165,-1.799802736827831,0
-2.5943217950784128,-2.339778637761663,0
1.609149197831331,1.7096684995674072,1
-1.5734240190779052,-1.733442013108376,0
2.7904364393805956,2.1185597628154396,1
-1.566996761574059,-2.6774310627303377,0
-1.1132635731550904,-2.3109621309641883,0
-2.0462610256484624,-1.7953088151100136,0
-1.6456071015846145,-1.3347778516502555,0
-2.053841416572336,-1.1359296707303164,0
-1.5516238369260429,-1.633777840739921,0
2.026161467823472,3.0170306242584517,1
2.2422380542019655,1.9854826361654503,1
-2.1121229864968156,-2.2638386349645048,0
-1.8537195717372807,-2.338447178442037,0
-1.9001286750721664,-1.7045292415951105,0
1.8070189692695704,3.2460487901365047,1
1.6138890617719142,2.5567040768487423,1
1.1584368369201838,3.0497460459121637,1
-1.6255281097687069,-1.6229926944414321,0
-2.0910710570213498,-1.647009676109254,0
-1.9852938954446344,-1.70120102525273,0
-1.780041052341891,-2.5639278717964133,0
-1.7831626366949516,-1.0771780601204184,0
2.134348480438797,2.8184842579843066,1
2.3714925566031186,3.2344972818270192,1
-2.1061683364964296,-2.478978346723072,0
2.597760091668284,1.7037460501032125,1
2.571881980347947,2.1722744991210945,1
2.424928653953934,2.139929678758101,1
-2.205628709916062,-2.481366361532971,0
-1.069699704311554,-2.5990124244432744,0
-2.429182225555981,-1.5922413506391946,0
-1.8463821594116747,-1.4103854096326915,0
1.9356187135974627,2.2686301554861665,1
2.075827747727847,3.163357399434971,1
-0.8920178023714005,-2.6420508597956918,0
-1.881149143539287,-2.0866162471543657,0
-1.3143063112909878,-1.5488401803879355,0
1.909966647780484,2.0753458720829254,1
-2.1002708481901124,-1.9119717881400062,0
2.651471794963608,2.058789892082537,1
-2.8688506048983946,-2.8444782646259332,0
-2.3748911466174074,-1.9843453698734996,0
-1.7830183849714194,-2.3870718527630745,0
2.6472085000587775,1.9768949182995756,1
-3.001643168672823,-1.673983884572039,0
1.9175308912233848,2.5717247283217635,1
-2.637382228235663,-1.715844541618891,0
1.0660508608041495,1.7431309034204525,1
-1.5569200520027537,-1.8971790312860177,0
-2.600972005936949,-2.168660175731573,0
-1.7773124759772148,-2.3623911120294925,0
-3.015478777828892,-1.0822698083236317,0
2.115229469894019,1.8145301214784992,1
-1.1352360265603307,-2.8615172907076634,0
-1.9830089743217234,-1.9821463163025528,0
-2.0687239071515706,-1.257310212815923,0
-1.7359913299680005,-2.3012325346115667,0
2.633634085439631,2.1339433484774957,1
2.7781967279366655,1.9862791626206708,1
0.9361805190758712,2.757152900428395,1
1.874586045628385,1.4896877274744198,1
-2.0420994268751884,-2.996576560109595,0
-1.9570602576683644,-2.28659446805907,0
-2.4198353047955514,-1.871612053559467,0
1.1469135999548938,2.900800191173292,1
-1.94232753383541,-2.2773651732230253,0
2.711422492797798,2.43137198639904,1
-1.733708343112263,-1.535219567942398,0
3.5866060082102207,1.0982178029629082,1
1.9039203226600159,2.4028040458702793,1
2.613542259205784,3.4638514438035637,1
1.2824701627788895,2.2667616009320843,1
-3.1045245387989873,-2.7677461800414207,0
-1.7969021555033515,-2.249172748340481,0
-2.335353108362953,-1.7736728749612876,0
-1.1206107386470676,-2.1354657802919212,0
2.1985281393286744,2.500117376965355,1
2.6892594202232623,0.9561717327331403,1
-2.3826439905507897,-2.3185981730010905,0
-1.5064730527380865,-2.7325061899826135,0
1.0309209104566943,2.698843612674303,1
2.651537339498947,2.2848189397279715,1
-1.9231373510535263,-2.4086309944849287,0
-2.1515408908358964,-2.7486699091789095,0
-1.6994496874253715,-2.5865331468791304,0
2.4670166456999825,1.66928857020288,1
-2.124873350214365,-2.2958005607953,0
2.5697324812647944,1.109061218930058,1
-2.436282305494921,-2.148511181330903,0
-2.331333826568583,-1.6202409093466936,0
-3.151262729179425,-2.01590832526953,0
-1.6496430888044218,-2.2155752544722356,0
2.113748969959246,2.6006276555402845,1
-2.021495623465971,-1.0612138065115964,0
1.3625638831118723,2.2569842583245894,1
2.917081055847519,2.3047014537737742,1
-1.8063688637971462,-2.496338566131394,0
-1.4956138706067654,-2.3915743875814344,0
-1.4455837884758593,-2.1109412818657933,0
-1.4275989419040787,-1.6091652492165212,0
2.27598328576347,1.5933707781487363,1
-2.0642182159727347,-2.6211453934516245,0
2.191504706251508,2.804270267613887,1
3.2530248228684364,1.9162462231068957,1
-2.397071878861033,-1.4885399991222656,0
3.244449601849984,1.448369245048146,1
-1.1707046053774839,-1.6107740674462145,0
-2.55615828294685,-2.03571521363708,0
-2.4080148329470945,-1.860647781703398,0
-0.7635512450708077,-0.9467954945340773,0
-1.9343631232370644,-1.5645400256607849,0
-2.95665659527662,-2.3596250137722636,0
2.2964181117696434,2.1564042594943444,1
3.1307517835607657,2.9259461169633134,1
-2.3911016646812957,-1.9715607972101516,0
-1.01301937189923,-2.149421623733827,0
-1.7160574252558731,-2.0436973475941236,0
1.7193792792128653,2.2079023290384296,1
2.9800589193806575,1.3121927641887874,1
1.8085676386000291,1.5223844859179065,1
2.4256710902834238,1.738708177658094,1
-3.222874721106712,-2.6048517865504426,0
2.380832881137062,2.665819905173734,1
-1.525380831774172,-2.5456324728768434,0
1.807791615083408,2.2544995678411497,1
-2.0432060729482004,-1.3978802612647856,0
-1.826498813655309,-0.5268199160534635,0
1.6075545901235457,0.901620261886126,1
-2.291218128697462,-1.9508755163682066,0
2.193900628510869,1.911438448220799,1
-2.8159136845879518,-1.5522478603836676,0
-1.7422290685204485,-1.8753873877021334,0
-2.6486379965599385,-1.6304386358334417,0
-2.009853737643651,-1.2869640359311496,0
-2.310566779421703,-1.8657272290166609,0
2.675630150463301,1.9691637658469083,1
2.1279179769426135,1.5488184009567085,1
2.2331471627185784,3.495799710459674,1
-2.9765254627298976,-1.9711490320031708,0
-2.4755124430596203,-2.0688418648801394,0
1.2231911145674565,2.6964960724271116,1
-1.988948972486269,-0.9941376126348305,0
-2.6425354988366676,-1.7105165508540887,0
2.358440041909915,2.420703645386539,1
-2.0047835847899704,-1.1120335166659845,0
2.0420312978679087,2.697126981564914,1
-2.3453826957426642,-1.926794111212783,0
2.220372388040804,3.1029102060770732,1
1.6151110428662288,2.2591535268043645,1
1.6246623790942825,2.2374821200624453,1
1.4004186606230535,1.6971350472630695,1
-2.8066703066205663,-2.551191167890519,0
1.4051645903262158,0.7079659318377711,1
-2.2521120902575142,-2.169070765316304,0
-0.7267062817924201,-1.380520843669312,0
-1.6098792932248034,-2.05950551826763,0
-2.603610428899821,-2.7285131676726393,0
1.9228774931366415,0.8708905727014167,1
-1.6143663440794738,-1.2025084819205412,0
3.039508999691055,3.3387800877155795,1
2.1792517450194118,1.5489253699428893,1
-1.2829720226450947,-2.913912142870265,0
-1.8314048793589803,-2.3736197118923563,0
0.7185954716127827,3.882649120195996,1
-1.8134554606411972,-1.1147862698302689,0
-3.1224751526155137,-2.2109080904247853,0
-1.882492846941391,-2.587023666569019,0
1.899726971728153,2.16954797029298,1
-1.6574656935841,-1.3186606158916407,0
-1.9417534703911759,-1.4188130056802666,0
-2.3460627983409994,-1.5467652645045464,0
-3.240465260023926,-2.053472023707673,0
2.2395338735631674,2.3883175638216447,1
1.952215165252571,2.2714230777498403,1
2.7124316309388505,3.5537381852111682,1
1.569906607638317,0.8800780297561641,1
0.5003565710758562,3.374565543554445,1
-2.5855239517863997,-1.3678149220352962,0
2.3977287612004474,2.704084314491195,1
1.8719342774418752,2.8944356821099713,1
1.8566407404981835,1.7799053529111875,1
-2.342707393869678,-1.6564503311863048,0
2.1991881983414086,2.11429980786744,1
1.356716592808636,0.24718970990323563,1
2.3219059061422422,1.4609192109253777,1
-1.2167127157074025,-1.9873976950203445,0
-1.94804612751626,-2.0934063412352475,0
-2.3903855414730963,-2.2922752302588174,0
2.2262602363413118,1.982442311789013,1
1.9021598216337416,1.5530584131161307,1
1.6366306761578815,3.0956058281281615,1
-2.1433688281198457,-2.5445381972249588,0
-1.6581396318606776,-1.7313748639896112,0
-1.5122827286966238,-1.6222226948458327,0
2.5783274700769456,3.3263138009548108,1
-2.266575956045667,-1.7736197041730888,0
-2.144195238894881,-2.2248924845297586,0
2.0228020869009202,2.0720187960309566,1
-1.1318132693877603,-1.8820671340930553,0
-2.5162480191703716,-2.2307333265378952,0
2.3261600927566595,1.7776314007483365,1
-1.000715333322454,-1.391377960989122,0
-2.539048802809015,-1.7048484970960966,0
2.0963443886299187,2.0018276120920486,1
2.367664343037542,1.3679506620958062,1
-0.8707853021149798,-1.1927479723070133,0
3.0365259020604265,2.2617942018044195,1
2.3568526049991716,2.5120493352681845,1
1.5362733993058346,2.244231372274721,1
-2.3761802346726606,-0.9125308652018429,0
-2.6024844600512407,-2.460678539062477,0
2.0845317481467225,0.938936380662289,1
-2.9204685024413735,-1.2333939068608946,0
1.529061012150656,2.3889682603063154,1
1.9332643631907798,1.4576554151211263,1
-2.189161546784207,-1.5446184677040395,0
-2.8445070168306925,-2.4666900125545252,0
2.229161271338932,2.258024988314642,1
-2.7969116293390583,-1.8818832584785259,0
2.417832468474029,2.5731831251423065,1
-1.5023566512899065,-3.3266811854047313,0
1.6626991840530188,1.8744668757532834,1
1.983617276294041,1.4400392245560822,1
-2.152986330452513,-1.0976042068503868,0
1.8917120518456245,3.9158645407069166,1
1.5871097928933657,3.3514614832065854,1
-2.020810932432069,-1.8594711604780876,0
-3.590581885035807,-1.345095888846523,0
-1.800611592812245,-2.449091921933932,0
-1.896091444489291,-1.768809572162698,0
1.8445747125075782,1.882190090549013,1
-1.8635240392375223,-1.2157143474305432,0
2.9673323769532547,2.538103589519319,1
2.443286288532502,2.369220490407832,1
-1.022830672657225,-2.828060874928935,0
2.598806065915791,0.2622467730837865,1
-1.626914022669682,-2.9421348319342737,0
2.9852090960818214,2.6058902536055806,1
-2.2780506156874774,-2.279437852142154,0
1.5545176485811711,1.2079864932675766,1
-2.267301512840463,-1.1279693137293796,0
2.796916485109435,2.333738005640396,1
-1.1583234134383407,-2.8411106376753685,0
1.6614514408055667,2.1107307819182224,1
-2.9339775041143423,-1.6363940291926162,0
2.736601395483975,1.2742153887852767,1
2.5851185778694576,2.300656501963907,1
-2.5035305139335833,-2.185527425510729,0
1.084606211257943,2.7575504620563094,1
-1.9889396401607642,-1.7914509767829974,0
-2.1619249611760227,-2.587258229469384,0
1.6707650553554232,2.0557069406846686,1
1.8991137088491263,1.7167456533817236,1
1.3718534103908362,2.3219916515163717,1
1.864109540690101,1.4243364579659121,1
1.6386727637829317,2.2812645536450145,1
-1.5753488387267147,-2.3374800655365604,0
1.885590559541992,2.130459723907834,1
2.781044773639279,2.9369067180361115,1
-2.293663665510933,-1.3735034737585567,0
-2.7921399242123854,-0.9011247404873879,0
1.7381684656840588,1.9342341176445015,1
1.7649451105737068,1.4465538893008985,1
2.1938475638696175,1.8485878987242275,1
1.0574743087589005,1.3239395186541167,1
2.730295112495298,2.912789631153471,1
1.7156963917574504,1.9913286374730326,1
1.4565606194824285,1.6077401968107081,1
-1.9638618740353841,-0.5220547325088283,0
2.016908694421477,1.9945286020134778,1
-1.8715437535218777,-2.747443267227193,0
-1.9581187490059886,-2.2311881581170563,0
-1.6441392452189698,-2.185727863588394,0
2.0124762246052446,1.5631982352625193,1
-1.771881289396422,-1.633648552829706,0
2.2103780595641354,2.293512278088598,1
-2.2831591194736602,-1.3466296418195802,0
2.720248344766655,1.6058634326171626,1
2.6547860723565613,2.3654828725443062,1
-2.868808340249746,-3.319283573972049,0
1.4387367787732428,2.651589269705019,1
-1.071496879201963,-0.922473396142687,0
2.0471811141896543,0.8010795892807354,1
1.9883482364673604,1.8180921302994348,1
-1.8548226370603795,-3.1479681467946787,0
-0.4559841180500839,-1.964468939591307,0
3.2080323485159736,2.0819211986496424,1
2.32777054880222,2.003853361886563,1
-1.6113868771395845,-1.0861820861551847,0
-2.4973970065532436,-2.336108624118182,0
-2.508076230841043,-2.908908334811519,0
-1.7857907084209717,-2.4157457571563925,0
-1.9921988648732558,-1.1278795537056099,0
2.5509899636013875,1.0576996378260939,1
-2.714782098321589,-1.6060678348197022,0
-2.6405722576295565,-2.085427691012776,0
1.4105075638770144,1.8652201100017853,1
-2.7739765398446323,-2.7770472632381695,0
-0.15267151492685738,-1.3282550531392538,0
1.6138701006095229,2.617976490548697,1
-1.2523488845014226,-3.2440341394448895,0
2.3137012928212997,1.6557799976368526,1
1.5749559398537223,1.0917713644323037,1
2.0407133063164418,2.5116642050733318,1
-2.1447416347137978,-1.7887667620914218,0
-1.897480737123235,-2.1103900018116075,0
2.7826041457268915,1.0025048071785956,1
2.0339899549382645,2.3178156526140383,1
2.3832381332175108,1.31419705236171,1
2.6605757809991424,3.1750084725323564,1
-2.499413343862537,-1.7171506661681575,0
-1.3962243144713358,-2.346135121713889,0
-1.8586312651348604,-1.53748088366782,0
1.8523625071220309,1.494052042810285,1
-1.8241565160207913,-2.428610850815821,0
-2.4850961617359126,-2.301054226150722,0
2.2621629018478098,2.714387764871805,1
-2.911621979572408,-2.2905404437197507,0
0.9842259114827687,1.94099622392315,1
2.0625206623711256,1.9624441232602865,1
1.8249132386506735,1.0620855147820059,1
2.391393727048052,1.0541647058094505,1
1.8507853242898717,2.9644073456119955,1
1.5592450539211704,1.5138485377913713,1
-3.2743374345858838,-2.3154530130084567,0
1.345420141870881,1.7535114272272492,1
2.1402715470744487,1.0664626122778236,1
3.036178310740043,1.7602182886312385,1
3.010356614874721,1.724669442278636,1
-1.849704289792474,-1.7921310743018146,0
1.4363987637087474,1.9135474665670307,1
-1.6478857437198378,-0.685726624514013,0
1.9670635996302281,2.171332444914594,1
-2.6127396902784277,-1.574986131620388,0
1.6391794136292719,2.1918691604855223,1
-0.5325488122299042,-1.9224672908148634,0
-1.4385929641115234,-1.2370669430035046,0
-2.397574255367508,-1.6576407988441044,0
-1.5118896695781983,-2.738518589860373,0
1.4062231180577975,2.5644627127929294,1
-1.844070323450946,-1.5309062769336137,0
0.37806062420045783,2.4067251917185444,1
-1.4442934714810152,-0.8543500157179218,0
0.8748965182125532,2.0690156474884502,1
1.55868203444614,2.7416559051262626,1
-2.756530372601027,-1.4492828317671345,0
-1.954517265083764,-2.406297026907267,0
1.314986531519897,1.8838043244321692,1
-1.7019715081932605,-2.082958580702711,0
1.0971677755813987,2.4560335782137614,1
-1.5908651062242132,-0.89197560455838,0
1.6329385454568288,1.9777779217709528,1
2.36811078363825,1.3863244608809566,1
2.01920248943946,1.54794927779229,1
-1.7949464145337044,-0.8742974964704684,0
3.3025656304986883,1.894468512540598,1
-1.3104360042285945,-2.4219058550755324,0
-2.5848090021363928,-1.5277492377545288,0
-1.620330880336229,-0.6375842853173626,0
-2.8492224452302484,-2.2523871936592155,0
-2.161644100666735,-1.5694746465224227,0
-2.5038331053084657,-2.359635587266413,0
2.336551668764743,1.8227118091825039,1
-2.148306429512358,-2.409190548798679,0
1.9577007331645453,2.291900986295721,1
1.6788030884276464,1.9456800306175035,1
1.8902621353370959,2.824925851488911,1
1.8830550317883914,2.6802620581202388,1
-2.012540956378489,-1.9296035700147307,0
1.7066903469282355,1.3282295400265933,1
-2.235264891879295,-2.878108968879271,0
2.5497966048214886,2.2078930855387955,1
2.7738516524496473,2.403908810761975,1
1.7810283622742689,1.4964741995965962,1
1.864112664859084,2.220419304089707,1
1.8063920966947187,1.8495001901269716,1
-2.6076986722006543,-1.8114516004428356,0
1.390506908612962,2.037007909908783,1
2.9567030379349832,1.4918231910090034,1
1.6124214925252789,1.520484796009848,1
-2.663800984403617,-2.7177239744484023,0
-1.9968537801690902,-1.9718116437411548,0
-2.3738843158548586,-2.333286271496153,0
-1.8038435757415023,-2.1314603172853186,0
2.32297764742978,2.643504402385881,1
1.9470307709892472,3.5478256025925914,1
2.049463851760702,1.1254691003210415,1
2.1058649331663353,1.7797832965500067,1
-1.711394460957972,-1.8656695854325211,0
-1.6127744302489115,-1.1788210654805908,0
1.9408471206294429,2.0113097737669086,1
-2.3610239673376383,-0.8886330892946375,0
2.459648167030814,2.7361599343305847,1
2.108612935222224,1.221900831226492,1
-1.887939941313753,-2.4532297594119936,0
-2.4212318563264112,-2.196597287958661,0
-1.7040092594714664,-1.8890983257830756,0
-0.46394927703872324,-2.05763593983479,0
-1.941394340870701,-2.46380587031328,0
-1.5730310731466661,-2.6747852551027216,0
-1.6048734363963018,-0.7938772767401903,0
-2.310373070060223,-1.154391535888652,0
1.9169264096097358,1.2654210582263805,1
1.2979321843643843,0.9188117374519882,1
-1.7943647921733774,-1.7259480685077295,0
-0.6861182400693966,-2.4849789712130907,0
1.3457605535342925,2.846559427847762,1
-1.6073806061875653,-2.033350802546273,0
-2.5937628921551488,-2.0754721520597887,0
2.0739228840706914,2.3308912256242804,1
1.7316068626047492,2.768609817041068,1
2.424865206013154,2.5740213900767506,1
-2.024094770386606,-2.858465061270829,0
-1.65406582216654,-1.8132499072738784,0
-1.4094065609140498,-2.1283933065353056,0
-3.5718470624538465,-1.5068584973748658,0
1.2874409485822924,2.1858924261362165,1
2.5989865388887763,1.741027812369171,1
2.4630192263890067,0.2908744276219548,1
-2.3147121597678644,-1.7063752632632492,0
-2.011107881595434,-2.173195183352083,0
-2.020993094298177,-0.937519618618694,0
1.8659204105768887,1.7904099223290815,1
-2.149378489087444,-1.4170574294273868,0
-2.094804739147394,-2.256128641968452,0
-2.1472328696017224,-2.4522416986144937,0
2.049097615128539,1.9406662080853143,1
-2.8266016207742544,-2.5626950239490736,0
1.9195896999962494,2.008812916837518,1
-1.4149281599493493,-2.0882344289012833,0
2.014531674003655,2.8473323332492573,1
1.6828299909501458,2.351818411253056,1
1.595905625453679,2.167396497334281,1
1.5034458676107683,2.0516863298278247,1
2.895613141375713,1.8373258393744587,1
2.0530441317751085,2.886518048633157,1
-2.622347692595874,-2.114203206850165,0
2.44210633825546,1.8312034657290719,1
-2.495298318075507,-2.192831504991796,0
-2.6072626251561006,-2.9929140031194614,0
1.5476212466799941,1.8315949538799356,1
-2.3554363545433215,-2.5183944618078895,0
-2.3136338123114237,-1.3705944644978665,0
-2.469951975401742,-2.1932369097234052,0
-2.323855808185617,-2.4669828352413874,0
-2.292563734443496,-2.2595349126917723,0
2.3477799039281453,2.1954777899493,1
2.5481507757399497,1.5180926295917931,1
-1.6883920914552966,-1.0803566521984536,0
2.1348108354511317,2.5595544991238537,1
-2.367673214290632,-2.2326209359615903,0
1.6540937595639684,0.4453746247130541,1
0.8124201137745275,2.44874615367052,1
-2.1474458384515667,-2.1636341418486023,0
-1.0524723106955651,-1.5395391625082548,0
-2.950341694091434,-1.5437512063134216,0
1.8672478258485368,1.8339120200666477,1
-2.2763832625758726,-1.3657266642686507,0
-2.7509236545142666,-1.1337412375560443,0
-1.882087298179118,-1.5745977454468927,0
-1.3051334758999593,-1.5250023836222386,0
-1.476607617967593,-1.889994796556989,0
-1.3599951862465076,-1.2984226457325962,0
-1.9449435340786987,-3.1925413487605354,0
-1.2792716467016332,-2.2448452238129306,0
-1.7633287145730219,-2.2525906884921576,0
-1.755048346571317,-3.021550162542704,0
2.0342078749382506,2.161155367317954,1
-1.498584732760915,-2.6778241127945708,0
-2.027351609813299,-1.853996330406385,0
2.629731629191601,1.678858873063659,1
-1.0979610189397095,-1.4735826256545972,0
-1.5882438857752919,-2.967629522713791,0
-2.353618854166527,-1.4902387417873852,0
-1.382506617604614,-1.7164415105521742,0
-1.7695607306364156,-2.019616848856456,0
2.279857989460116,1.97861511062151,1
-2.023733092313993,-1.5910995815764253,0
-1.506763904003306,-0.8619242104076317,0
-3.9447604040414435,-2.614632584800574,0
-1.9202181955118744,-2.4200724889635037,0
-1.2465463246558874,-2.5367643813317025,0
2.436577726182188,2.0311675314843796,1
1.5284063236952303,1.2012602278653333,1
1.8877134409972707,2.591437997407918,1
1.1126530587355228,2.1100159518674935,1
-2.4636951287225433,-2.1420911640440052,0
1.9841565458246437,2.168096695291764,1
-1.4773251779409846,-2.195614119300705,0
-2.5303144617206796,-1.9077649364326832,0
-1.8377259045320966,-2.030142865669482,0
1.9882173206439913,2.331493972650289,1
1.8962323640459462,3.0270250880854057,1
2.6642484015721837,1.927771301627841,1
-2.4554795969322187,-1.9097637281142754,0
-1.6909713882163713,0.31163889439283254,0
-2.1318031327025073,-1.7857324570929523,0
-1.9665650526267833,-1.343485088917431,0
-1.6168445247335756,-2.996912037361376,0
2.5220406384132525,2.297409132783563,1
2.925265971540725,3.2036557328954736,1
-2.1154165788686736,-1.8190715945998326,0
-1.9614319885427223,-2.6466468667575835,0
-3.618131985764943,-2.0325769199106873,0
-1.3048426525955574,-2.492409391011026,0
-1.6245995913409963,-2.5142945338497693,0
-2.438219979030282,-1.870124846250815,0
1.5689556406584815,2.536954626166665,1
1.7766759343573681,2.6532491718225115,1
-1.9314634108027762,-1.9098189431228734,0
-1.8667197370197723,-2.287249172998086,0
-2.1613332143328985,-2.6639155452450023,0
-1.2398533104880265,-2.4246016793712686,0
-0.9213880838902866,-1.615494283239794,0
1.9570392443515616,1.9776666580940951,1
2.330031259414731,1.418993327081819,1
2.581674320316042,2.256316617123011,1
-1.844166498967111,-2.5425899750626453,0
2.173216177567914,2.1561931032627326,1
2.0736021895968775,2.9748070750817366,1
1.3563541845561162,2.14354811846669,1
-1.8043201866547292,-2.750668145831182,0
-1.6717415712979773,-2.1213155914603363,0
1.631958401875436,1.818518188107123,1
2.382830660864454,2.300506684966674,1
2.1614761647470644,1.7940846347015538,1
-1.7522411274346255,-2.338234731682385,0
2.9080698459452785,2.3784870107328664,1
-1.9708870232331037,-2.4985700698466227,0
1.5090806699466157,1.9979753255534287,1
1.9853872446434102,3.285362215167118,1
2.4395840463293474,1.9515700519348507,1
1.9194147551176712,2.4864849638958693,1
1.927431110835331,2.2517194663442166,1
1.937330468877517,1.8987069660859937,1
1.4732104479460633,1.503871787576084,1
-2.533708657775314,-2.489486170979263,0
1.2836449961605667,2.0857658568582242,1
-1.129313835322975,-1.424437504348876,0
-1.9477717590570973,-2.1794044102795205,0
-2.3824322763839105,-1.286590081335469,0
-2.1325785042977983,-1.9838684966032816,0
-2.4226062143256555,-2.845076777818136,0
-2.0492907070355413,-1.3296225010471234,0
-3.03495069950782,-2.3373725175445834,0
1.6722533310485104,2.235082403241528,1
1.6784219329315713,2.484834678968687,1
3.0035434321026218,2.2514114056196273,1
-1.953579015411429,-2.516770520796958,0
2.1848303237024616,1.7650108595469254,1
-0.9877150189564612,-1.4710161458303297,0
-3.4829867000763732,-2.4781371532822862,0
3.140714411451804,1.9636035117112276,1
-0.9407274558313419,-1.7570109734234267,0
2.7179429009986946,1.904882256183818,1
1.8650864109151528,1.6099984515059242,1
2.0801245428693695,1.9085180981716736,1
1.1562095217968997,1.950136656422783,1
-2.4742846732671873,-1.7171189857184026,0
-1.8746818429971468,-3.175802074327865,0
0.582240538674897,1.3941615771740374,1
2.0751347015887442,1.7423566753248483,1
-2.32695145208537,-1.7605183313887576,0
-1.880564182655918,-2.3601301262952767,0
-2.019651962129599,-2.326054862680259,0
1.3446123411964526,1.8101549301831188,1
1.148980560240181,0.9435147128115344,1
2.1206594280289806,2.630392637604567,1
2.5789109798584744,2.969349694128939,1
2.5890592921949565,1.8051011698948265,1
-1.6821174932508303,-1.1350588276052598,0
1.1662565199418424,1.012760751825865,1
1.9908140904962026,2.347574899760653,1
1.457778883561923,2.194615569032962,1
-1.9969319260145235,-2.140752280025088,0
-2.4277074696062986,-1.936141863384862,0
1.5985563568040502,2.6239428124376456,1
-1.9418024210043692,-1.6429057847378519,0
2.341389847511165,2.9770379738771227,1
1.742418665289644,1.5845474120756864,1
-2.002161523454341,-2.6950188135155257,0
1.3677905485121875,1.3593182470524843,1
2.134671091135983,2.6282589815672925,1
-2.1340776711955107,-1.5715997035447449,0
1.7100881226203757,2.94439205797402,1
2.2619358824946008,2.542360904651717,1
-2.782681700302912,-1.598196470701977,0
-1.478236447936604,-1.1866172847170295,0
1.4068453357094497,1.3378464096705374,1
2.290839690376685,1.492186007005476,1
2.4760932323313276,0.9508808160570916,1
1.0442037598809986,2.2642848427762394,1
1.3422349478628788,1.1359694704434236,1
1.6264103829593288,2.1167644731423456,1
2.983978717622836,2.445276494643135,1
-1.885340559188058,-1.9721380711063108,0
1.4009687364870251,2.1810751398916794,1
-1.2993307630041158,-1.8473474940192722,0
-1.6970076326117258,-1.4805468834979272,0
2.3935404659178565,2.116841716831265,1
-2.360383213951283,-2.175016249875966,0
-2.673633212937379,-1.7705541522895696,0
1.2622702433285498,2.298019533941913,1
-1.0861255536382057,-1.6766539737892048,0
2.418172642706441,1.799708306146394,1
-1.8153189386647646,-3.0261010355939755,0
2.063225303687576,1.1995847030490774,1
-2.2816846315609713,-1.6744639738484213,0
-2.9638677921545433,-1.8779218184796662,0
2.2735326632489645,3.2990014069406506,1
-1.5908282172230217,-2.1861600539560735,0
3.4420493511429653,1.9654287217798487,1
2.7136822933547844,1.2634353109178047,1
2.1203415183385657,2.689182409657229,1
-2.7099551075994652,-3.2235393066560603,0
2.4350574721087983,2.309706972268975,1
1.612263614093718,3.065186535565707,1
0.5454558438362351,2.53042723781663,1
-1.5285199048095008,-1.7447254629290212,0
1.8447223623997386,2.95918830230283,1
-2.551654540540282,-1.0700393569894764,0
-2.2181673273283136,-2.0341673742326405,0
3.2337242779641935,1.33807498056699,1
-1.3558209500841367,-2.615909179646636,0
-2.03964787918839,-2.726609719857474,0
-2.6663455072794973,-0.9486377339458265,0
-1.545806830012789,-2.5532991945065753,0
3.245156523575159,1.5864873091462592,1
-1.4996467072706576,-1.724491952462938,0
-1.7938290262589232,-3.0578240932176404,0
-1.805549618363123,-2.23104936824979,0
0.9193653595083566,1.674395720159587,1
-2.8089112532634277,-1.554041543586371,0
-3.0278807174545266,-1.1876765755007523,0
-2.580185685877528,-2.0286268136851877,0
-2.1587940999427735,-0.3678985000462287,0
1.821461897984005,2.8254240879869714,1
1.984667557405133,2.7036374115556185,1
1.9469822244767987,1.7779933820707234,1
-1.7974384027548787,-2.2471261796734803,0
2.969225413681665,1.8066077184731961,1
-0.7201799752062401,-3.171252679713501,0
2.516284093015847,1.6501535368586369,1
-1.828480765565057,-1.799325926007785,0
1.8230301930247834,2.74864524360424,1
1.3379800362956757,0.7082656442285102,1
1.05128557878072,2.537022988445669,1
-1.6641257312413762,-1.3515315646672268,0
1.7103538866907806,1.4280028350447727,1
2.0733785018193704,2.3259788174218325,1
1.845574077545993,0.9988495556734465,1
2.2458911941571076,1.8552454072288747,1
2.403544220721639,3.1399291609371294,1
-2.2849671866965737,-2.391997539544227,0
-0.8805352933131461,-1.7157002474529275,0
1.9212458197446172,2.046111129775261,1
1.9800620056133236,1.8751298856364762,1
-2.0376074583639032,-1.4269146076992572,0
1.4987917680441456,3.2870894766640326,1
1.313764275607603,2.065135823465914,1
-2.271383791549446,-3.4543275959773743,0
-1.4297456970883697,-2.346142193397442,0
1.6655049289953,1.1781182122525533,1
0.8982767761380221,2.3047947961475264,1
2.571875027225652,2.307851252058376,1
-2.5789540763480625,-1.5883691240009363,0
1.9887747461324616,1.7668889281466684,1
2.600349390825787,1.5976278745540131,1
2.5371159320166394,2.3811030810091816,1
-2.3083201504020163,-2.635528113133371,0
-2.344197204128142,-2.328115364744235,0
2.7594247045188203,1.4802950910712995,1
-1.850369789773547,-1.0535280321419154,0
-1.832018824208108,-2.675293428379026,0
1.6104334729603957,1.2656358399426462,1
-2.3181545710234643,-2.4757236993574065,0
1.996357453076064,2.503094464670985,1
2.8354791800385972,1.8499720912406283,1
-1.6894045877185262,-2.4354462878920793,0
1.6257386235825169,3.1484188123200716,1
2.294584970982951,2.4409266716298905,1
2.067962246322659,1.13703321300958,1
1.7101633689899363,2.0880758071913297,1
2.72785861998751,2.085030148183943,1
1.2645406021985952,1.121375071874108,1
-1.8454697655663415,-2.0446675494597004,0
-1.512484506563481,-1.186255982857506,0
1.2741831542953355,2.3599572379977225,1
2.8396132619516012,2.554780209747661,1
2.7179788919873906,1.6341302574083707,1
-1.8933793994400476,-2.801206615226061,0
-1.020553217641019,-2.8580848267763796,0
0.6963982723915783,2.508453006290253,1
2.5701845551841456,3.0263680235491552,1
3.001942702610844,2.2368029178937885,1
1.3998012052366553,1.5933530176850892,1
1.191724226282182,1.417031576893609,1
2.071748221048492,1.4161586354710667,1
2.445257223205584,2.179575548243895,1
2.1010765857617684,2.7905585213647757,1
1.9204197521704558,1.415282417197615,1
1.5788049873159469,1.602259449469431,1
-1.6909788396748042,-1.6917284294526747,0
-1.0606855824593957,-2.0394501566437926,0
1.1768593142411863,1.0318631612739555,1
-2.130608721936332,-1.3407338888076858,0
-3.215085551994564,-1.8881274111383435,0
-2.3321895832083093,-2.718726735553309,0
1.984087244450564,1.4708752092633692,1
-2.5696393332991656,-0.4205707610975655,0
1.4675046933187401,1.7375250198059538,1
-1.8397698404784446,-1.4662215226259376,0
-2.493332237339859,-1.8537876731048526,0
1.7908087193552844,1.7904453774089428,1
1.2925761253041186,2.712607633076938,1
-2.0652560890741145,-1.758972966740635,0
-2.0080983348427606,-2.63462655737354,0
2.0262868831874656,1.9117987990229068,1
1.720813725931968,1.9364309874175185,1
-1.6205553565666875,-1.416467330223962,0
1.1798727809507472,1.8651407588643898,1
-2.5889051906287706,-1.7227379154420377,0
-2.6486339242449572,-1.3681082880002577,0
1.2980498985738271,0.27664267203101045,1
-1.3501692540948338,-1.3677187687790582,0
2.324877636922873,2.455493096181588,1
2.0401944303349233,2.3095635306224596,1
2.090251343086146,2.2189766014797354,1
2.455357153872059,2.1687148543816255,1
1.6325375752157374,2.216902115123661,1
-1.4507587293787556,-1.8027493342041894,0
2.703874782551985,2.2217853153188565,1
2.1604353884431418,2.193018683717608,1
-0.8682884592736819,-1.8952533123008966,0
-0.7136335464048047,-1.6196485866091932,0
-1.8223278337612543,-1.8433668366920664,0
0.9899370846674298,1.5164779601022866,1
2.8859242098355375,2.828054812488471,1
3.237514951545887,1.3594802514474362,1
2.352016280885165,1.7150578060264854,1
-2.8391405442914848,-1.6622184579856576,0
2.5043720159027316,2.3280401409208276,1
-1.873389519678429,-2.0580278671222354,0
-1.9402091809474153,-2.3020853924697193,0
-2.0198761837242785,-0.9232652818893274,0
-2.2677100599288678,-3.1337244385673184,0
2.1166305809464014,1.788100224313587,1
-1.4602400747400495,-1.8156202874740344,0
-0.890626343032793,-1.3240609822713456,0
-1.3814002865024295,-1.4412319285302808,0
-2.1404920248340016,-2.140482174169508,0
-1.653756723691676,-2.1218272316257956,0
-2.45795549392551,-3.0829292603987115,0
2.09591383519844,1.3833949154444252,1
2.3393057873789265,0.9435423445065094,1
1.6426032235739048,2.82466285590249,1
3.236902145981839,2.7250197383558854,1
-2.2826229833709935,-1.8607700375854181,0
1.7725233554075077,1.8778517839385829,1
3.1239786657305273,2.648028839428789,1
-1.6352620941700766,-1.888034526106185,0
-2.007348063708149,-2.538352622891499,0
-1.9916424248522322,-2.0144750522660018,0
2.551445889792661,1.8258352734868093,1
2.333362679602069,2.0537484087531492,1
1.8151794294885553,2.4677963193616037,1
-1.9650747689324,-2.685782178698374,0
-1.837052697682776,-2.7660491454921856,0
2.4334288146966627,1.7763001087449397,1
-1.2924216895617042,-1.9594889111539346,0
2.1699727229276853,1.8446570157775537,1
-1.6127094913153548,-0.702047166016724,0
-2.1650310182909864,-3.381152698841351,0
-2.591435627801326,-1.6975720906892935,0
1.7203780988790547,1.0431781596399228,1
2.0062115719060283,1.2128982605899044,1
-1.8749703152314685,-3.2250409210545743,0
-1.7519390580657794,-0.8739225124651604,0
2.4802457151366095,2.4525747978881447,1
2.66490969004251,1.3760564437246816,1
2.9004558743805866,2.5101330452680957,1
-2.464273519462144,-2.7467928219868503,0
2.0357782219521043,1.6118379333766557,1
1.7212296216209642,2.1206957935237036,1
1.744185442276674,2.689067425518053,1
-1.8908802469649029,-1.8510676482197983,0
1.8950241459827548,1.5465529043042932,1
2.239812771051585,1.6091858637249026,1
1.5142378880470124,2.2544366266784537,1
1.3731144835873799,0.8201860463743991,1
1.253682058765229,1.5842568813224556,1
2.2572899001983435,2.4158633643578864,1
-1.8782461874892202,-2.9094464689983393,0
2.47996514116523,1.0302136349380473,1
1.0624724858680743,1.682568393592223,1
1.8964236200355082,2.5301959624920034,1
1.9718476526724895,2.286224496333873,1
-1.78532758379103,-1.6635292841790594,0
2.152243796896744,2.28061590305926,1
-2.3183006885663167,-2.345490944386808,0
2.742969842860181,2.012762946041637,1
2.6195277226049942,2.67602308209655,1
-2.4310665327514616,-2.1280682910271085,0
1.5273297488550566,1.6274914410493304,1
2.4520049726627193,2.2286950309296665,1
2.203090306077015,1.8227591539165824,1
-1.0985857687423832,-1.9555431317481349,0
0.7089107592024171,1.568508008454548,1
1.780807069212735,2.110808183518945,1
-1.4370297164144015,-2.3096268369304243,0
-2.02967822579146,-1.5951083047000378,0
2.4067555228035613,1.7072531551125785,1
1.8535060188256107,2.5784523009730145,1
2.0204500809555355,1.5380160613648148,1
-1.292335927567228,-2.2815053912628227,0
-1.4854042260787885,-2.0959631179780565,0
2.3561340333685172,0.23576681920143194,1
-1.9318895928492512,-1.6027215952873721,0
1.4269264523903882,2.2541594393560764,1
0.9181161942464331,1.049518434196706,1
2.380266128559259,2.2482794584708987,1
-1.9827531062391095,-1.2329288824356208,0
-1.1476974512060871,-2.342447776249686,0
0.46764731905882706,2.560591946743564,1
-1.3021017487070243,-1.9938601633882478,0
1.3609318021547765,1.8168651773871993,1
3.006620488445864,1.6678470549752031,1
1.6166229513862986,1.206146123955501,1
2.1016164944216467,1.151771301857012,1
1.5991457278141707,2.5952254097219134,1
2.089200474321267,1.7977484173291765,1
-1.504750190607182,-1.511894218399617,0
0.7268870605948432,1.6353068077433406,1
-2.138560718125207,-1.582276181111949,0
-2.0446600574600278,-1.6275967414695933,0
1.8388816112565007,1.4652846647508275,1
1.7991348007360755,1.757810922054802,1
-1.8339855204019886,-1.5036900505783857,0
-2.7332766853351673,-1.5722009418965672,0
-1.0693088146864862,-1.9305952194242848,0
-2.2756165397241466,-2.509906621678875,0
2.786185247671765,2.8374102864739736,1
-2.2679089712402125,-1.4861607234059167,0
2.4765588077730962,1.2474263460984503,1
-1.2334010625269451,-2.354942833301498,0
2.3078634789056496,1.8442719934496496,1
-2.0767505548884597,-2.5733242643602554,0
-0.48384054447582714,-2.318521263752192,0
2.107936490692087,2.8352013718067597,1
2.6633155597747904,2.712218183336228,1
2.1844440186854603,2.489442327523578,1
1.4435881194856557,2.143021389640871,1
2.7133480228847855,2.4249823083206383,1
3.3915977239890163,2.235990703636623,1
-2.76825761149777,-0.9471234908093813,0
1.385487905402477,3.112455539800513,1
2.308344709795349,2.107749069163759,1
0.4818274863522023,1.8283974668719336,1
2.334996147513033,2.045603234847447,1
-1.9594830771872458,-2.854848911728074,0
-2.333119716015919,-0.871305758335646,0
1.9399075541120283,1.8777957498938205,1
-2.7681826392025366,-1.4765256030319134,0
-2.020827061823146,-2.701206822571719,0
-1.9278226209728606,-1.6913366995647505,0
-1.9404006167424646,-1.5491677259769265,0
2.59762861148349,1.5459229468583235,1
-1.8012419411578615,-1.4146729237265845,0
-2.069388969432944,-2.1806622173535732,0
2.5227783784743467,1.1924121918519508,1
-1.380893276318819,-2.891336223822183,0
1.2593906768720466,1.6445214445082634,1
2.3067215597149886,2.8241951270977745,1
-0.6206611258284498,-2.2177031362637956,0
-2.0114097247416134,-2.6015176187826854,0
-2.6905961464533816,-1.7745811889925969,0
2.0452601833409556,1.038820512861699,1
-1.8055001885069348,-2.078085832620611,0
1.63429267870443,1.8878172182087325,1
2.18158127914342,1.5474344899883854,1
2.192814329270164,2.253152452541171,1
-2.1846669409718005,-1.8685098034016367,0
-2.405835381235562,-0.9194357402535107,0
-2.5448144453127264,-2.8473822208011748,0
-2.742170426526849,-2.7922739678505657,0
-1.5077106912815816,-1.6956355813356214,0
2.6181700724191055,2.143273495415908,1
-2.8871131942204564,-2.4319065250368253,0
-1.5859136049733324,-2.2407322831315017,0
-2.205612556448209,-2.2228645195974748,0
-2.287504542707174,-2.11139538599829,0
2.185299807559378,3.0213289667811427,1
-1.8261350858621523,-0.7547595208127367,0
-1.0440880240163617,-2.306729405858711,0
2.176134759299978,1.186050917225957,1
-2.0967714269996054,-1.757569485911277,0
-2.2606977364593894,-2.1855032740811837,0
1.7825354351581206,1.3281980632243138,1
1.9871796233909382,1.551672992511306,1
-2.8275915368087166,-2.438558023965151,0
1.7670939088752626,2.1022497334252925,1
-2.067396829814498,-2.1325817597199337,0
2.1011928031800364,2.2651643897416456,1
-2.201470819574077,-0.9985870848263643,0
2.5298658662882954,1.9532976817923189,1
1.9615169920442044,2.197257446182088,1
-0.8211649202501665,-1.978841868816963,0
1.6516859301171665,2.353147042652366,1
1.5769928865449547,1.9665385534053763,1
-2.4061532001835753,-1.6329942266954793,0
2.9682267614351883,2.2721205809083878,1
1.814474553770082,1.5487061566456501,1
2.3232535954678215,1.4475958441523802,1
-1.3649453078902474,-3.0552436918538683,0
2.1602759906068902,2.3052350139379603,1
-1.7787960146762594,-2.236003287396416,0
-1.5017985100734528,-2.5136502955453204,0
2.6744676319916083,2.5685158772737147,1
3.0415782818991497,2.1187464700775887,1
1.283817900946112,2.551492504166001,1
-0.6112048599958948,-3.1203591155550487,0
-1.8655445109137498,-1.992444559530923,0
-2.3266296347151094,-1.9334464461740803,0
-2.9153151025548434,-2.4151448419287465,0
-1.276094620094986,-2.4901614025923418,0
-2.155754810818163,-2.9018857718708637,0
1.623969665246021,2.517436083429655,1
1.8815969478156043,1.909236029807893,1
1.9849838247529137,2.4906597795201724,1
-2.515014668108728,-1.5798140723546052,0
1.6688851124645319,3.5349195714009514,1
-2.4909324099400836,-0.744567634588724,0
-2.366910681795169,-2.8439966581089333,0
2.834124529410388,2.3346861838111175,1
1.3365771989084387,1.8710473818267588,1
-2.9303980586396796,-1.9588622151163837,0
1.669816907692748,1.597025979237169,1
2.2108689245249495,2.6420901429898564,1
-2.720177844233466,-2.200700741504569,0
-1.421974322453407,-1.752331443838101,0
1.8961569054296783,2.0093474285488804,1
-2.317856122260223,-1.6920395401319863,0
-2.8871517474679047,-1.3137475740758426,0
1.7340306492850939,1.4691183715838596,1
2.3729431339136307,1.7782337983738197,1
-0.7080905254930663,-2.4604085377328295,0
1.8733218567033834,1.4076922837092898,1
1.9834910569696182,3.0633509580018465,1
2.830563691106311,2.3383454720314156,1
-3.249157644730233,-0.9821261790259772,0
-1.6868350606298614,-1.8218091960600884,0
-2.022580821454909,-1.338018870790087,0
1.4170059592752284,1.1722291011266417,1
-1.0522567125615727,-2.313716016291961,0
