size_sqft,bedrooms,bathrooms,age,lot_size_sqft,dist_to_center_miles,has_garage,school_rating,year_built,recently_renovated,neighborhood_tier,price
2437,4,2.0,42,12175,0.8126478088868959,1,5,1983,0,3,2000000
1890,4,2.5,102,18514,7.281926237564883,1,8,1923,0,3,2000000
2589,4,2.0,7,16493,7.615018001634647,1,5,2018,0,2,2000000
3674,4,2.5,87,12856,10.158221274680487,1,8,1938,0,3,2000000
1819,3,1.0,14,9512,11.882086974380822,1,6,2011,0,2,1079363
1819,3,2.0,10,7056,1.021019463955294,1,8,2015,1,3,2000000
3758,5,3.0,1,16922,12.053280770933467,1,3,2024,1,1,2000000
2716,4,2.0,1,10012,7.96831110333692,1,8,2024,1,3,2000000
1656,3,2.0,29,6724,6.749768205761956,0,2,1996,0,2,677285
2482,3,2.0,15,12633,1.6936438812950438,1,6,2010,0,3,2000000
1660,4,2.0,6,4099,21.358976853034758,1,3,2019,0,1,446970
1658,3,1.5,23,4039,5.908518217287866,0,8,2002,0,3,1744677
2201,4,2.0,7,4287,13.35600276913331,1,7,2018,1,2,1277529
929,2,1.0,21,3000,4.146554329769846,1,5,2004,0,2,725958
1002,3,2.0,11,3000,10.478840805920552,1,9,2014,1,3,1603161
1595,3,1.5,43,7866,6.834219050209151,1,5,1982,0,3,1477279
1332,2,1.0,42,3493,13.076457747880035,1,1,1983,0,2,287696
2265,3,1.0,16,13814,6.656195494996904,0,7,2009,0,2,2000000
1389,3,2.0,10,6356,3.9797212667068904,1,3,2015,1,3,1256935
1135,3,1.5,11,3000,8.242655799124304,0,5,2014,0,3,914904
3591,5,3.0,40,23841,7.935446861096983,1,6,1985,0,3,2000000
1825,3,2.0,9,13303,9.989541072042215,1,4,2016,0,2,1200088
2052,3,2.5,5,5065,15.828983575997857,1,6,2020,0,2,1199413
1130,4,2.0,2,6516,3.2249211606658834,0,4,2023,0,3,1242566
1607,4,1.0,15,4307,15.293237409837362,0,7,2010,0,3,970951
2088,4,2.5,16,9922,2.7817215187140447,1,4,2009,0,3,2000000
1260,3,2.5,45,3000,12.73302468108126,0,7,1980,0,1,438673
2322,4,3.0,6,3548,13.008000411035539,1,9,2019,1,3,2000000
1571,3,2.0,11,5595,5.660268006713123,1,8,2014,1,3,2000000
1778,3,1.5,41,7398,4.332403859104852,1,6,1984,0,2,1270468
1570,3,2.0,43,5542,4.1367186639674856,1,5,1982,0,3,1808672
4191,4,2.0,12,9230,8.831553823138833,1,7,2013,1,2,2000000
1987,3,2.0,15,7005,13.588409724998499,1,5,2010,0,2,993151
1308,3,2.0,9,6890,7.452028499573239,1,7,2016,0,3,1588185
2776,4,3.0,67,12110,0.6982576885437081,1,3,1958,0,3,2000000
1226,3,3.0,3,6130,5.361573104363162,1,8,2022,0,3,2000000
2172,3,2.0,67,6511,5.207328639580988,0,7,1958,0,3,1939515
912,2,1.0,28,8255,11.826373652220223,1,10,1997,0,3,1032137
1174,3,2.0,18,3000,12.252552987126052,1,9,2007,0,3,1109764
2161,4,1.5,0,12976,9.331742803773926,1,8,2025,0,3,2000000
2684,5,2.5,16,24445,15.312346548975373,1,6,2009,0,2,2000000
2139,3,1.5,13,12792,16.080830786953385,0,5,2012,0,1,636457
1907,4,2.0,4,7568,5.623938616991926,1,8,2021,1,3,2000000
1771,3,2.0,26,5780,4.057366308907779,0,6,1999,0,2,1405099
1106,2,1.0,88,9229,7.853116704039257,1,9,1937,0,3,935917
1498,3,2.0,20,3000,9.318234960442783,1,7,2005,0,2,1156900
1661,3,2.0,31,4159,5.396939101187543,1,7,1994,0,3,2000000
3049,3,2.0,1,10764,40.0,1,8,2024,0,3,672272
2292,4,2.5,13,21585,20.55695471486259,1,5,2012,1,3,1875822
987,3,2.0,3,5555,4.992548876273397,1,5,2022,1,3,1262207
2274,3,2.0,23,5701,3.3504111457492955,1,5,2002,0,3,2000000
1712,3,1.5,69,6369,4.663462669227056,1,8,1956,0,3,2000000
1524,3,1.5,27,4724,16.271807849129495,0,5,1998,0,2,388861
2552,4,2.5,1,7470,16.534959815548497,1,5,2024,1,1,1029613
3018,4,2.0,10,24335,20.71999581657513,1,7,2015,1,3,2000000
2900,4,2.0,19,5706,3.9533024759078703,1,6,2006,0,2,2000000
1428,3,1.5,12,16802,11.793834598729555,1,6,2013,0,1,653643
1765,4,2.5,44,13001,4.2783467079730215,1,6,1981,0,3,2000000
2281,4,2.5,42,19670,23.638436059535813,0,2,1983,0,1,394881
2951,4,2.5,23,10017,4.073511214199662,0,5,2002,0,3,2000000
1649,3,2.0,11,6754,2.6806294753912274,1,9,2014,0,3,2000000
1855,2,1.0,7,3518,3.1785372787805724,1,6,2018,1,3,1873132
1283,3,2.0,2,4197,8.26994676364449,1,3,2023,1,3,1720799
1238,2,1.0,10,7461,13.457568857279224,1,5,2015,0,2,481346
2765,4,2.5,13,26968,12.869964179290754,1,7,2012,1,2,2000000
3437,4,2.0,28,7927,3.305172804726052,1,7,1997,0,3,2000000
1941,3,1.0,26,6985,6.148652365967349,1,6,1999,0,2,1418682
2985,5,3.0,1,12216,5.521581101777358,1,5,2024,1,3,2000000
2309,3,2.5,12,4478,2.8849926083828885,1,4,2013,0,3,2000000
1543,3,2.0,5,9860,5.415703224021899,1,7,2020,1,3,2000000
2308,4,3.0,4,6699,20.149103015555223,1,8,2021,1,3,1974563
3696,5,3.5,43,14731,2.5242662055389635,1,9,1982,0,3,2000000
1969,3,2.0,1,6728,9.7737282701227,0,5,2024,1,2,1093421
3736,4,2.5,13,10427,20.45105284205664,1,9,2012,0,3,2000000
700,3,1.5,4,3123,19.773185016892402,0,6,2021,0,1,261388
2775,4,2.5,52,10927,24.346618440899448,1,7,1973,0,1,733764
2068,3,2.0,20,7414,10.46303780492261,1,8,2005,0,3,2000000
1772,3,2.5,6,5129,11.567696537553516,1,6,2019,1,2,1123325
2072,4,2.5,17,11248,5.498543556030738,1,3,2008,0,3,2000000
902,3,1.5,32,10902,2.4703783112310305,0,8,1993,0,3,1252826
1830,3,2.0,79,8919,7.442384463728139,1,7,1946,0,2,1721680
2305,3,2.0,6,18779,17.60467196923066,1,6,2019,1,2,1502030
3608,5,2.5,54,7021,0.682260595147772,1,8,1971,0,3,2000000
1624,4,1.5,68,8000,5.703930510410452,0,8,1957,0,3,2000000
1446,3,1.5,62,3354,12.356044110919715,1,4,1963,0,3,842997
1634,3,1.5,25,3018,8.353668341259246,0,7,2000,0,3,1283579
2881,5,3.0,24,8285,19.061271146990293,0,2,2001,0,2,1136599
2279,4,2.5,12,20881,16.422089481646637,1,6,2013,1,2,1965195
1616,3,1.5,34,12806,2.169242875024871,0,6,1991,0,2,1204840
2453,4,3.0,18,12719,8.879532192094102,0,7,2007,0,3,2000000
2077,3,2.0,28,3711,4.461343876088108,1,5,1997,0,2,1732092
2943,4,2.5,13,11724,4.412160321772374,1,6,2012,0,3,2000000
1508,3,2.0,32,8099,2.346108270463447,1,1,1993,0,3,964377
1752,3,1.5,43,8724,9.982008208675996,1,8,1982,0,3,1340936
1708,3,2.0,3,3000,19.321782894645054,1,6,2022,1,1,498310
1112,2,1.0,44,3000,10.626242268447042,1,7,1981,0,1,435239
2249,4,2.5,19,9699,2.1977141643820044,1,4,2006,0,2,2000000
2218,2,1.0,46,13713,8.005158994100967,1,7,1979,0,2,1773737
2002,4,2.0,14,3000,12.020865905529153,1,9,2011,0,3,2000000
1819,3,2.0,11,7396,7.562237910871334,0,6,2014,1,2,1381173
1134,3,2.0,61,5537,10.491643933298505,1,8,1964,0,3,905268
1688,2,1.0,7,12595,4.7769948300394685,1,5,2018,1,3,1652268
1742,4,2.0,46,11831,6.90254489179932,1,6,1979,0,3,2000000
1449,3,2.5,16,9211,6.573474380084834,1,4,2009,0,2,934635
1873,4,2.0,18,5194,21.668132163650977,0,8,2007,0,3,817701
2348,3,2.5,9,3349,3.371662445249573,1,7,2016,0,3,2000000
4249,6,3.0,21,15042,0.8186868894230366,1,4,2004,0,3,2000000
2142,3,2.0,9,17509,20.774008628468952,0,5,2016,0,1,482756
2215,3,1.5,1,22904,9.103559607393233,0,7,2024,1,3,2000000
1939,4,2.5,7,13309,2.7457529823523035,1,8,2018,0,3,2000000
927,2,1.0,0,5375,15.471057528419509,0,9,2025,0,3,625131
1977,3,1.5,95,11126,12.536970080941432,1,6,1930,0,2,1096814
2046,4,2.5,84,6568,23.979958313653817,1,4,1941,0,3,490934
5000,6,3.0,12,20726,9.639388497983372,1,7,2013,1,3,2000000
1850,3,2.0,32,22570,35.27478925982375,1,10,1993,0,3,550233
2254,4,2.0,10,5738,7.614036894645148,0,4,2015,0,3,1754454
1970,4,2.5,27,23263,12.553328727845479,1,5,1998,0,2,1578743
1252,3,1.5,40,4625,13.820623961210677,1,8,1985,0,3,937356
3156,4,1.5,73,31329,5.886348033445135,0,7,1952,0,2,2000000
2699,4,2.5,12,5200,5.735827343928869,1,6,2013,0,3,2000000
2741,4,3.5,38,17459,14.01524220153146,0,7,1987,0,1,1791348
1388,3,2.0,7,3998,2.517537727807383,0,8,2018,1,3,1787526
3502,5,3.0,115,6713,4.435596709157826,1,6,1910,0,3,2000000
1140,2,1.0,0,5824,7.452741196672511,1,6,2025,1,2,847283
2526,5,3.0,23,20745,23.49387631762101,1,8,2002,0,3,2000000
4799,5,3.0,26,12954,14.021804412290814,1,6,1999,0,1,2000000
1344,3,1.5,29,3000,8.837688833970178,1,9,1996,0,3,1642864
1593,3,2.0,3,6756,5.447190959344219,1,10,2022,1,3,2000000
2079,3,2.0,69,8841,29.68804717383094,0,5,1956,0,2,289516
1633,3,2.0,4,10169,7.965101406730451,1,4,2021,1,3,1365946
1074,3,2.0,24,8509,4.43185223843425,1,7,2001,0,3,1738833
2053,4,2.5,6,8878,33.36737246343589,1,4,2019,0,3,536170
1306,3,2.0,9,17819,2.6347475688735433,1,4,2016,1,2,1530334
2414,4,2.5,19,12376,19.71961151313202,0,3,2006,0,3,1134693
1383,3,1.5,13,5034,8.427339810744508,1,6,2012,1,2,938648
3714,5,3.0,4,6329,13.998557152839776,1,6,2021,0,1,2000000
1460,3,2.0,4,5589,12.314494461089065,1,6,2021,1,1,693372
1756,2,2.0,13,6431,13.859764627403415,1,9,2012,0,3,1391938
2766,4,2.0,35,22056,35.31284619638048,1,9,1990,0,3,822161
1221,3,1.0,57,7222,31.892348375689682,1,10,1968,0,3,322353
2188,3,2.0,2,4832,4.640115301835604,1,7,2023,0,2,1887959
3370,5,3.0,12,16747,11.987977409144,0,9,2013,0,3,2000000
1050,2,1.5,2,7040,1.4875689783701769,0,7,2023,1,3,1432652
2151,3,2.0,0,24113,14.902677520478564,1,7,2025,0,2,1585424
2217,3,1.5,27,16922,17.3354083740889,0,6,1998,0,1,610299
2731,4,3.0,23,19320,0.8344705515919258,1,2,2002,0,3,2000000
1218,2,1.0,4,5659,8.191906588515788,1,8,2021,1,3,1240684
1178,2,1.0,6,6664,13.980896224268333,1,9,2019,1,3,1113095
2462,4,2.5,0,23351,10.811837119814975,1,4,2025,1,2,2000000
2250,3,1.0,45,4532,2.688831125872756,1,6,1980,0,3,1888559
2208,3,1.5,91,8023,2.9879151161743795,1,8,1934,0,3,2000000
2295,2,2.0,3,6470,7.470835514555024,1,6,2022,0,3,2000000
1522,3,2.0,6,8563,5.885680651012972,0,9,2019,1,3,1925992
2192,3,2.0,50,20551,6.351251793303683,1,6,1975,0,3,2000000
2246,4,2.0,65,7035,2.328257978726675,1,6,1960,0,3,2000000
1501,3,1.5,13,3000,8.53764004701207,0,9,2012,0,3,1200224
4214,5,3.0,1,14747,23.613320853200538,1,5,2024,1,1,2000000
2415,5,3.0,1,18723,2.80481089992168,1,5,2024,1,3,2000000
1240,3,2.5,21,7672,6.99427704722927,0,5,2004,0,3,1201554
2598,4,2.5,12,15054,12.919493559677722,1,4,2013,1,3,1810910
1353,1,1.0,0,5126,1.7856762224460314,1,7,2025,1,3,1779614
2737,5,3.0,21,5694,8.602693898838911,1,6,2004,0,3,2000000
3176,4,2.5,0,19390,16.98103223109286,0,7,2025,0,1,1461649
1439,2,1.5,38,3909,3.424404623629828,1,3,1987,0,3,1027116
2937,5,3.5,9,48805,9.241875348487001,0,4,2016,0,3,2000000
2356,5,2.5,1,14868,16.155804117446124,1,7,2024,0,1,1258711
2776,5,2.5,22,8781,34.14793167615493,1,9,2003,0,3,948513
4267,6,3.0,12,13251,8.890889973833593,0,7,2013,0,2,2000000
1811,3,1.5,91,7676,4.523714218154973,1,5,1934,0,3,1646336
1478,3,2.0,19,5737,4.557350059888577,1,4,2006,0,3,1682504
1399,3,2.0,8,12254,2.1906614632931003,1,5,2017,1,3,1554073
1441,3,2.0,30,7222,24.88305819561416,0,6,1995,0,3,412761
1937,3,1.5,7,5596,15.49128942679826,1,2,2018,0,1,522779
2290,4,2.5,58,31906,2.9871953404683587,1,4,1967,0,3,2000000
2232,3,1.5,11,10303,4.298691366573934,1,5,2014,0,3,2000000
2781,4,3.0,19,19768,8.780506245586183,0,6,2006,0,3,2000000
2008,2,1.0,1,6247,16.894134959490334,1,6,2024,1,3,1137741
3573,5,3.0,13,19911,12.009288554617639,1,5,2012,1,1,2000000
1797,3,2.5,44,9706,11.19302255901462,1,7,1981,0,3,1931675
5000,5,3.0,40,7211,9.703946634006513,1,7,1985,0,3,2000000
2566,4,2.5,6,38532,3.146499920460635,1,6,2019,0,3,2000000
1418,3,1.5,6,13785,8.86775266036464,1,8,2019,1,3,2000000
1301,3,1.5,42,4594,8.078459688752087,1,8,1983,0,3,1874071
2423,3,2.5,66,5604,2.158290611867603,0,4,1959,0,3,2000000
1827,3,1.0,2,10086,24.47389235569492,0,6,2023,1,2,379559
2658,4,3.0,14,12548,5.078146276034506,1,8,2011,0,3,2000000
2414,3,1.0,10,13392,2.2208900783399184,0,8,2015,0,3,2000000
1940,3,1.5,51,9753,5.823113068750958,1,7,1974,0,3,1763441
1424,3,1.5,2,8647,6.778561528304703,0,6,2023,1,2,1078672
1090,2,1.5,5,11641,7.891884255716648,1,7,2020,1,3,1285134
1671,3,1.0,34,10530,6.6883560949643535,1,8,1991,0,3,1644236
2814,3,2.0,1,6718,8.241557589237074,0,7,2024,1,3,2000000
2176,3,2.5,16,22087,9.336763485567571,0,7,2009,0,2,1768347
1214,3,1.5,14,14560,8.98088958610772,1,6,2011,1,2,1119338
2141,3,2.0,10,50000,11.133394089805444,1,4,2015,0,1,1519119
2331,4,2.0,12,5323,11.617501274709195,1,6,2013,1,2,1417995
1403,3,2.0,18,7274,11.82756869134912,1,5,2007,0,2,806706
2124,4,2.5,4,3000,13.979780250507188,1,5,2021,1,3,1799904
2045,3,1.5,21,12772,4.615538434078106,1,9,2004,0,3,2000000
1264,3,2.0,40,4076,4.762081351040598,0,8,1985,0,3,1567063
2305,4,3.0,35,32758,16.947047052198393,1,3,1990,0,2,1100370
2500,4,2.5,4,7039,5.970192186784279,1,5,2021,0,3,2000000
3081,4,2.5,4,5011,7.556541626744428,1,6,2021,1,3,2000000
3045,4,2.0,7,10285,7.041971275256462,1,5,2018,1,3,2000000
1151,3,1.5,11,3000,33.346850755857716,1,7,2014,1,2,245585
1373,3,2.0,13,9656,3.9539390613746788,1,4,2012,1,3,1787772
2455,3,2.5,28,3186,3.8873169300971844,0,8,1997,0,3,2000000
2454,3,2.0,1,11187,8.263382905761123,0,6,2024,1,3,1747322
2455,3,1.5,0,3162,7.200297630016475,1,6,2025,1,2,1956215
5000,6,3.5,12,18490,2.9598280441988587,1,6,2013,1,2,2000000
2510,3,1.5,29,30153,7.753736729800291,1,6,1996,0,2,2000000
3147,4,2.5,5,17511,8.437204692202322,0,3,2020,1,3,2000000
2926,4,3.0,25,7811,5.487125432493011,0,7,2000,0,2,2000000
2592,4,2.0,7,11401,7.398441592600906,1,6,2018,1,2,2000000
1761,3,1.5,54,7978,4.3017777744504535,1,5,1971,0,2,1004180
2706,5,3.0,56,16103,2.966684179948561,0,8,1969,0,3,2000000
1466,2,1.0,8,3000,5.9332291889502,1,8,2017,1,3,1819091
1817,3,2.0,6,11619,3.4187546914277567,1,10,2019,0,3,2000000
1645,3,2.5,13,3000,2.438868782622916,0,8,2012,1,3,2000000
2064,4,2.5,6,6338,1.1822608561635835,1,5,2019,0,2,2000000
5000,5,3.0,27,16717,9.82595921234386,1,5,1998,0,3,2000000
946,2,1.0,43,6199,5.77159683764401,1,6,1982,0,3,887760
2629,4,2.5,27,11943,17.015002042429867,1,5,1998,0,1,1240070
1048,3,1.5,43,3000,6.171496451956781,1,7,1982,0,2,932786
1654,3,1.5,12,4104,9.791055531657078,1,4,2013,1,3,1505116
3088,4,3.0,4,15591,4.867890063831809,1,8,2021,1,3,2000000
2050,3,2.5,33,8761,8.069621895301735,1,7,1992,0,2,1451712
1298,3,1.5,11,4109,1.1936143107640962,0,7,2014,1,2,1551095
1500,3,1.0,27,5037,5.861323366327228,1,4,1998,0,3,1523442
2622,5,3.5,7,17843,3.976719998391819,1,7,2018,0,3,2000000
1491,3,1.5,2,4898,15.850413572853823,1,9,2023,0,3,1024277
2178,3,2.0,120,9258,9.335775657256844,1,5,1905,0,3,1225491
2034,3,1.0,4,33514,14.36427612459462,1,5,2021,1,3,1779505
1539,4,3.0,111,3000,18.285924277657,1,8,1914,0,3,1047589
4710,5,2.5,94,6948,5.475425191486348,0,5,1931,0,3,2000000
2574,5,3.5,39,18460,9.044431042922643,1,6,1986,0,3,2000000
888,3,2.0,26,3000,3.1302606528814794,0,9,1999,0,3,1560312
2152,3,1.5,21,7968,10.882849506158855,0,5,2004,0,3,1280635
1533,3,1.5,50,4299,12.030736906847473,1,9,1975,0,3,1157869
2810,5,3.5,8,10775,10.356136862786439,1,6,2017,1,1,2000000
1455,3,2.0,15,17015,5.470341035986671,0,4,2010,0,3,1659451
1908,3,2.0,24,13836,25.97855892051105,0,8,2001,0,3,637526
2445,3,2.5,13,18382,8.42045693317932,1,7,2012,1,3,2000000
2825,4,2.0,13,5412,3.1477161461696683,1,7,2012,1,3,2000000
1236,2,2.0,10,3000,12.839134245580894,1,5,2015,1,3,985687
1747,2,1.0,20,3000,16.172239415325432,0,7,2005,0,1,369538
1652,3,1.5,47,4555,3.2064203666385844,1,3,1978,0,3,1114071
1538,2,1.0,5,12237,6.782361003511194,1,7,2020,0,3,1696222
4048,5,3.0,68,24739,2.1752095662000444,0,9,1957,0,3,2000000
2349,3,2.0,29,9217,18.755719346876482,1,3,1996,0,1,517791
1206,3,1.5,43,5333,7.692146272065072,1,6,1982,0,3,895316
2884,4,3.0,20,8549,3.9925147958498104,1,5,2005,0,2,2000000
4669,5,2.5,37,23660,16.31451057991803,0,4,1988,0,3,2000000
3019,4,2.5,0,21422,8.247746965632007,1,3,2025,0,2,2000000
1088,3,1.5,42,3000,14.820228417620442,1,4,1983,0,1,343276
1646,2,1.5,1,8829,11.379924127207339,1,6,2024,1,2,830160
3316,5,3.5,55,26003,3.524576286541991,1,9,1970,0,3,2000000
1505,3,1.5,120,5257,5.3178824945505685,1,4,1905,0,3,976517
2386,3,1.0,8,16281,4.091135375225762,1,7,2017,1,3,2000000
2723,4,2.5,5,50000,2.948022092932754,1,7,2020,1,2,2000000
1379,3,2.0,36,5805,1.6251692852815305,0,10,1989,0,3,2000000
1951,3,2.0,7,11070,29.39409250333336,0,8,2018,1,3,574424
600,2,1.5,50,3000,10.218394966409068,1,8,1975,0,3,738304
1326,2,1.0,2,6625,11.328956935322518,1,8,2023,0,3,1039739
1806,3,2.0,3,10668,17.557524173569927,1,5,2022,1,2,712580
1213,2,1.5,96,6110,5.273359680066769,0,5,1929,0,2,601463
3838,5,2.5,28,9329,2.3426390354849835,1,9,1997,0,3,2000000
1127,2,1.5,46,5716,13.93603921839268,1,3,1979,0,1,264536
1675,3,1.5,9,18049,2.7403405071603877,1,5,2016,0,2,1897987
2105,4,2.5,28,12348,13.707962164515099,1,4,1997,0,1,899053
3556,5,3.0,22,28384,1.9891552913556543,1,7,2003,0,3,2000000
1125,3,1.5,23,4373,2.5509972772969247,1,6,2002,0,3,1914140
3182,4,2.0,28,22363,4.842353020012645,1,8,1997,0,3,2000000
2006,3,2.0,21,10630,13.352494392462459,1,6,2004,0,2,1283915
1349,3,1.5,14,3417,23.758505600026293,1,4,2011,0,1,243101
2403,4,2.0,8,13037,11.31598279553703,1,4,2017,1,2,1165023
2163,5,3.5,36,5346,5.005633860202726,1,6,1989,0,3,2000000
1571,3,1.5,6,4816,15.699740199286795,1,5,2019,1,3,939208
2054,3,2.0,29,10312,1.9260751581230175,1,6,1996,0,2,2000000
1712,3,2.0,6,9170,3.700440524544535,1,8,2019,1,3,2000000
2091,3,1.0,24,4591,8.857603813441703,1,8,2001,0,3,2000000
2604,4,2.0,34,21964,14.253891348715994,1,10,1991,0,3,2000000
3768,5,3.5,6,23801,7.057652282165064,1,6,2019,0,3,2000000
1217,3,1.5,1,3573,6.473618482027409,1,5,2024,1,3,1196794
4690,5,3.0,3,8355,6.780364350786647,0,7,2022,0,3,2000000
915,2,1.5,23,3759,17.45171027902147,1,5,2002,0,2,293976
1880,2,1.5,47,6447,4.331546506309211,1,6,1978,0,3,1310359
2528,4,2.5,1,12125,3.4776559911320652,1,6,2024,1,3,2000000
2235,3,1.5,33,8055,6.69571324575416,1,9,1992,0,3,2000000
1557,2,2.0,10,3000,19.103143884676662,1,8,2015,1,3,1264322
1838,3,2.5,16,6525,4.7725346180099395,1,8,2009,0,3,2000000
1640,4,3.0,66,6118,6.763450189218867,1,9,1959,0,3,2000000
1578,3,2.0,10,10343,1.8925228182511549,1,8,2015,1,3,2000000
2806,4,2.0,15,8271,6.989288408738257,1,4,2010,0,3,2000000
2304,4,2.0,0,28271,9.859292790357703,0,8,2025,1,3,2000000
1514,3,2.0,2,3000,2.744442333443523,0,8,2023,0,3,2000000
2863,5,3.0,7,28178,17.47375933326323,1,8,2018,1,3,2000000
2259,3,2.5,0,8849,9.76588009451103,1,6,2025,1,2,1641431
2765,4,2.5,24,20755,5.418101813122959,1,7,2001,0,3,2000000
2570,4,2.0,13,12082,9.819786562319493,1,6,2012,1,3,2000000
1434,2,1.5,19,12733,11.79564776874835,1,5,2006,0,2,698085
1597,3,1.5,4,5672,1.3785590149968583,1,5,2021,0,2,1738730
2694,4,2.0,8,6245,10.098691184183243,1,8,2017,1,3,2000000
2550,3,2.0,27,26799,18.653190327651874,1,5,1998,0,2,1027479
1981,4,3.0,84,8293,4.278475600525432,1,5,1941,0,3,2000000
2094,3,3.0,1,10718,5.514568001173679,1,8,2024,1,3,2000000
3331,4,2.5,55,31315,6.287148553771319,0,7,1970,0,2,2000000
1577,3,1.5,21,3805,14.364758774813149,1,8,2004,0,3,1318359
2487,4,2.5,20,15932,3.213922683107542,1,4,2005,0,2,2000000
1842,3,2.0,17,5794,11.411137073312396,1,7,2008,0,2,1055045
1831,3,1.5,1,7580,6.382296665888649,1,5,2024,1,2,1305894
3101,5,3.5,2,14513,24.49369789253247,1,5,2023,1,2,1759524
2779,5,3.0,22,5062,6.682375840599285,1,6,2003,0,3,2000000
2766,4,2.5,10,7768,0.6701746068830222,1,9,2015,1,3,2000000
3368,5,3.5,62,33952,12.956231520896374,1,6,1963,0,1,2000000
2015,3,2.0,13,15368,10.999427681958476,1,10,2012,0,3,2000000
2624,3,2.0,3,11326,9.462468232249947,1,3,2022,0,3,2000000
1764,3,1.5,31,9147,18.312310938076287,1,4,1994,0,1,342042
2274,3,1.5,8,8541,1.6143180348722228,1,9,2017,0,3,2000000
1896,3,1.5,18,19176,3.7504997824020454,1,9,2007,0,3,2000000
2077,3,2.0,29,8254,8.038271092163956,1,5,1996,0,2,1431093
2535,4,2.5,57,13056,9.091766969283594,0,7,1968,0,3,2000000
1440,3,2.0,39,12836,7.1646656337019765,1,8,1986,0,3,1906384
4614,6,4.0,28,12970,1.9229459882414788,1,6,1997,0,3,2000000
1336,3,2.0,28,15255,5.559175205003681,1,7,1997,0,3,2000000
1229,2,1.5,72,3000,23.373230733383863,0,7,1953,0,3,390194
3175,4,2.0,8,37829,3.0711308227848058,0,4,2017,1,3,2000000
2742,4,2.0,0,9826,7.902858141197457,1,6,2025,1,3,2000000
2564,3,2.0,7,9933,11.441548402609552,1,7,2018,1,1,1505995
2569,4,2.5,6,3704,14.077834718952086,1,7,2019,1,1,1468179
1988,4,2.5,27,6781,12.912660004646046,1,3,1998,0,3,1113932
1395,3,2.0,25,3350,5.229589298906512,1,8,2000,0,3,1693150
2059,3,1.0,22,6408,3.7360302592335675,1,7,2003,0,3,2000000
1524,4,2.5,0,6289,24.621935957743805,1,5,2025,0,2,420276
2951,4,3.0,32,23495,15.038499716618208,1,10,1993,0,3,2000000
1884,3,2.0,9,9563,8.483961277064102,0,6,2016,0,3,1417033
1436,2,1.5,27,7740,20.449897962632324,1,6,1998,0,3,529001
1757,3,2.0,20,4080,2.356953927320134,1,8,2005,0,3,2000000
2357,3,2.0,10,6227,0.6985588110225869,1,10,2015,0,3,2000000
1594,3,1.5,3,21020,9.015071844184385,0,8,2022,0,3,1401481
1438,3,2.0,2,4145,9.334980680288432,0,8,2023,1,3,1538812
2202,3,2.0,44,26658,2.140460030842664,1,5,1981,0,2,2000000
2203,4,2.5,62,8533,14.66708633022063,1,7,1963,0,2,1196990
1631,4,2.0,26,7319,1.1138403890627477,0,6,1999,0,2,1972746
1655,3,1.0,2,14097,10.510044392527394,1,8,2023,0,3,1876982
2192,3,2.0,12,21072,12.28044113699317,1,8,2013,1,3,2000000
1119,1,1.0,32,4692,8.93527853748452,0,9,1993,0,3,1066190
1137,3,1.5,37,4036,1.841346133528039,1,3,1988,0,3,1111105
1499,2,1.5,3,6496,18.18178159544025,1,5,2022,1,2,476584
1834,3,1.5,0,10067,5.375706295986249,0,9,2025,0,3,2000000
2262,3,2.0,31,17305,5.389962894446418,1,4,1994,0,3,2000000
3605,4,2.5,11,16197,4.541579025422726,1,8,2014,1,3,2000000
2815,4,2.5,7,18288,13.225103187553222,1,9,2018,1,3,2000000
1874,4,2.0,0,22445,5.1674600205199255,1,6,2025,1,3,2000000
1983,3,2.5,19,11171,2.8042339887524577,1,4,2006,0,3,2000000
1338,1,1.0,47,7229,15.85341519734813,1,6,1978,0,2,435602
1983,3,1.5,79,3572,7.759157504248979,1,9,1946,0,3,1948501
1780,3,2.0,20,3000,16.232319164921982,1,9,2005,0,3,1491705
2273,3,1.0,18,12860,8.204268550265713,1,7,2007,0,3,1847149
1435,3,2.0,2,6075,4.28071307486178,1,5,2023,1,3,1678945
2459,4,2.0,19,8092,1.326562461273585,0,10,2006,0,3,2000000
3688,5,2.5,11,19128,9.043664392685013,1,8,2014,0,3,2000000
1913,3,1.0,23,8268,6.298065894828435,1,5,2002,0,3,1752226
2346,3,2.0,12,20684,13.609374891549225,1,7,2013,0,1,1300627
2633,4,2.0,6,12425,4.969751752385393,1,7,2019,1,3,2000000
1701,3,2.5,2,4869,10.740275598604999,1,5,2023,0,2,1181309
2185,3,1.5,9,17738,7.951769136779102,1,7,2016,0,2,1557279
2008,3,1.0,2,7899,3.9602699914423307,1,8,2023,1,3,2000000
2077,3,1.5,4,12766,5.306249258292092,1,6,2021,0,3,2000000
1466,2,1.5,109,4933,2.30431687286565,1,9,1916,0,3,1509967
2017,3,1.5,14,6120,25.750485323033452,1,3,2011,0,2,288285
2438,5,3.0,18,11492,10.574028133985573,1,10,2007,0,3,2000000
3570,4,2.5,51,16123,2.1512069228786914,1,7,1974,0,2,2000000
2932,3,2.0,120,17524,24.88961761586967,1,8,1905,0,3,1418128
4728,6,4.0,21,18035,3.031841075852557,1,7,2004,0,3,2000000
1470,3,2.5,41,3000,4.898425955416008,1,5,1984,0,3,1468099
2832,4,2.5,9,9789,6.667281238003166,1,6,2016,1,2,2000000
2150,4,2.0,9,15514,8.099370414618837,1,3,2016,1,2,1370450
4797,6,3.5,12,17985,13.357759914207676,1,8,2013,1,3,2000000
1446,4,2.5,27,5589,0.9926975392346851,0,7,1998,0,3,2000000
1428,3,1.5,28,11566,8.196949731762796,0,6,1997,0,3,998550
1572,3,1.5,9,4595,6.397525000359323,1,8,2016,0,3,2000000
854,3,2.0,3,3000,9.164821651454012,1,7,2022,1,3,1758562
1619,3,2.0,25,6589,6.14812436705111,1,8,2000,0,3,2000000
1474,3,2.0,3,4940,5.50361496606922,1,8,2022,0,3,1981629
2122,4,2.0,21,5326,7.284321213060742,1,6,2004,0,2,1766943
2290,4,2.5,29,9237,23.992264149314593,1,5,1996,0,2,671471
4232,6,3.0,30,25471,5.591629020716752,1,3,1995,0,3,2000000
2922,4,3.0,35,13022,17.63057595857086,0,7,1990,0,3,1867338
1586,3,2.0,51,8545,8.879130400382772,1,7,1974,0,3,1624121
1394,3,1.0,17,18545,8.573027600548935,0,4,2008,0,3,1281903
2432,3,1.5,32,8872,9.229721298189178,0,9,1993,0,3,1714470
1178,4,2.0,24,6239,11.415337611287878,1,5,2001,0,2,672778
4157,5,2.5,5,13725,5.951787320650045,1,3,2020,1,3,2000000
3202,4,2.5,0,8636,16.820355406613068,1,9,2025,1,3,2000000
1656,3,1.0,8,5225,11.435415876450692,1,3,2017,1,3,1092175
1007,2,1.0,14,3386,2.5133244500813006,1,8,2011,1,3,1787002
3434,4,2.0,23,19094,0.6784599279800938,1,8,2002,0,3,2000000
1908,4,2.5,47,35005,23.508682609409387,1,7,1978,0,2,823547
3278,4,2.5,5,9560,9.447255762681452,0,6,2020,1,2,2000000
1055,2,1.0,3,3682,2.2170993174225204,1,7,2022,1,3,1548061
1572,3,2.0,82,6783,5.585182267752501,0,8,1943,0,3,1583995
2002,4,2.0,2,11377,15.033557919847084,1,5,2023,1,3,1304554
2036,4,2.5,16,10687,6.9516520285544425,0,8,2009,0,3,2000000
1668,3,2.5,22,16152,7.451375642799846,1,8,2003,0,3,2000000
2563,3,2.5,19,3000,13.163812280253955,1,7,2006,0,1,1110611
1303,2,1.0,2,3000,10.117773814767745,0,6,2023,0,3,773281
1887,4,2.5,1,6280,12.033160886938397,1,8,2024,0,3,2000000
2096,3,2.0,2,18145,13.067151311748553,1,7,2023,1,2,2000000
2454,4,2.0,22,4298,4.386141956726227,1,5,2003,0,2,1650530
2656,5,3.5,19,3000,4.750967668335598,1,6,2006,0,2,2000000
1274,3,2.5,6,8043,3.9377676587823762,1,8,2019,0,3,2000000
1081,3,1.5,25,5607,4.975926257115343,1,7,2000,0,2,1161056
3331,6,3.0,42,7761,7.228998325120198,1,8,1983,0,3,2000000
2282,3,2.0,1,5661,7.643228623105609,1,6,2024,1,3,2000000
1481,3,2.0,17,3709,20.035732677880954,0,5,2008,0,2,436768
3716,5,3.0,29,17795,9.767266794170892,1,10,1996,0,3,2000000
2092,3,2.0,7,6438,7.340129127369057,1,3,2018,0,2,1223744
3202,5,3.0,9,19302,3.2077567887199137,1,6,2016,0,2,2000000
2052,4,2.0,23,3000,6.252444428775409,1,7,2002,0,2,2000000
4556,6,4.0,57,12210,24.683979349794512,1,8,1968,0,3,2000000
4032,6,4.0,41,9194,24.428367012884507,1,8,1984,0,3,2000000
1808,3,1.5,21,6947,6.191058828592382,1,10,2004,0,3,2000000
2947,4,2.5,32,9563,1.5311703106459582,1,6,1993,0,2,2000000
2586,3,1.0,11,18705,5.5440554704728084,1,5,2014,0,3,2000000
3454,4,2.5,25,5072,20.1814564845955,0,6,2000,0,3,2000000
1358,4,2.5,15,6254,7.2679471477929445,1,6,2010,0,3,2000000
2629,3,2.0,5,16471,13.173194273670127,1,6,2020,1,2,1582165
3051,4,3.0,30,41656,7.929667037688308,0,5,1995,0,2,2000000
988,2,1.0,20,3316,2.0381404710798607,1,8,2005,0,3,1430462
1244,3,2.0,11,6773,8.146161331080922,0,7,2014,1,3,1617717
883,3,1.5,60,3000,14.404819635145028,1,4,1965,0,2,346408
1794,4,2.5,0,3000,4.917219622171601,0,8,2025,1,3,2000000
2662,4,2.5,9,19805,14.144828695788007,1,5,2016,0,3,2000000
3644,5,3.0,1,16276,8.5382678376612,1,4,2024,1,2,2000000
2058,3,1.5,36,18705,13.628546909654268,1,7,1989,0,2,1392626
3833,5,3.0,30,7535,10.223550412547587,1,3,1995,0,1,2000000
1150,3,2.0,10,7040,3.4079378856930536,0,8,2015,0,3,2000000
1010,3,1.5,28,13890,6.303867544081298,1,1,1997,0,3,939660
1954,4,2.0,12,11265,6.141982571493914,1,5,2013,1,2,1604994
2330,4,3.0,35,12327,4.721728852189402,1,9,1990,0,3,2000000
1972,4,3.0,15,8883,9.64495566892518,1,5,2010,0,3,2000000
873,2,1.0,13,3000,27.60217834413648,1,6,2012,0,1,115886
1928,3,2.0,68,19488,16.835139173634627,1,9,1957,0,3,1883978
1185,3,1.5,7,3681,18.369653183182326,1,5,2018,1,3,632410
2611,4,2.5,3,15838,4.479273175964243,1,8,2022,0,3,2000000
2313,3,2.0,21,4058,18.574155592985935,0,9,2004,0,3,1207050
1372,3,1.5,87,3030,22.754637250052042,1,7,1938,0,2,301689
1626,4,2.0,11,17239,4.352899401978222,1,4,2014,1,3,2000000
1308,3,1.5,1,4759,11.05542804966136,0,5,2024,1,2,652447
1948,3,1.5,10,20879,11.265493266410243,1,10,2015,0,3,2000000
2927,5,2.5,17,12516,6.671965587786453,1,6,2008,0,3,2000000
1347,3,2.0,4,3000,9.086930615669607,1,10,2021,0,3,1908181
2444,5,2.5,26,18706,11.661123541034735,1,10,1999,0,3,2000000
1616,3,2.0,120,5083,7.027609368490335,1,7,1905,0,3,1233304
1455,2,2.0,15,9916,16.296932082551677,1,7,2010,0,2,823232
1914,4,2.0,10,8708,2.5270834142592076,1,6,2015,0,3,2000000
1320,3,2.0,12,3000,6.120699510906604,1,6,2013,0,3,1704914
1601,4,2.5,3,7918,13.356712024184596,1,5,2022,1,1,1072783
1237,3,2.0,53,20705,25.727793841935714,0,6,1972,0,1,223301
4384,5,3.0,13,26410,16.99605116054425,1,4,2012,0,1,2000000
2026,3,2.0,12,8771,8.949247914297814,1,4,2013,1,2,1146883
1510,3,2.0,26,12901,7.2929842923372314,1,9,1999,0,3,2000000
2176,3,1.5,14,11066,6.401101644543477,0,4,2011,1,3,2000000
1910,3,2.0,26,9706,6.431616955452385,1,8,1999,0,3,2000000
1829,3,2.0,1,4257,1.3162951946884158,1,3,2024,0,2,1686007
2554,5,2.5,42,13170,25.041410008557055,0,8,1983,0,3,1004016
2705,4,2.5,70,22564,7.71952863286813,1,6,1955,0,3,2000000
1616,2,1.5,26,4385,4.118465837967865,0,9,1999,0,3,2000000
1587,3,1.5,77,16718,10.932441818015654,1,6,1948,0,2,904699
1790,4,3.0,4,7592,4.409123794758768,1,3,2021,0,2,1933247
795,2,2.0,16,3000,15.25506902158593,0,6,2009,0,2,396240
1089,2,1.0,23,8880,4.233694544104403,1,7,2002,0,3,1176823
3452,5,2.5,21,13025,13.781064559564427,1,6,2004,0,1,2000000
3858,5,3.0,12,27271,6.326966072010335,1,8,2013,1,3,2000000
1808,3,2.0,10,6801,9.91953865146916,0,5,2015,0,2,756167
2516,4,2.5,3,10878,14.51005075664845,1,4,2022,0,1,962111
2263,4,3.0,12,13637,5.218167817228277,1,5,2013,1,3,2000000
5000,6,3.0,4,26681,14.269422771894224,1,6,2021,0,2,2000000
3127,4,2.5,33,4232,1.3862532691713716,1,6,1992,0,2,2000000
1898,4,2.0,5,4340,21.607658873126226,1,10,2020,1,3,1279213
1363,3,2.5,1,10668,15.979262890425023,1,9,2024,0,3,1236073
1050,3,2.5,20,4347,7.5164582455109805,1,8,2005,0,3,1967787
2167,3,1.5,22,7092,17.94364045193705,1,7,2003,0,1,651736
1476,3,1.5,51,3000,16.703629874807874,1,7,1974,0,1,379727
1131,3,2.0,21,3000,8.0502487444728,1,7,2004,0,3,1379883
1542,2,1.0,10,3000,7.9847180742864134,0,7,2015,0,2,647888
1296,2,1.0,40,5465,3.684680127881284,0,7,1985,0,3,1237889
3923,4,2.5,19,12277,8.380949643276319,1,3,2006,0,3,2000000
2843,5,2.0,2,7134,1.9692088927692644,1,6,2023,0,3,2000000
1991,3,2.0,20,8565,13.663068594617819,1,6,2005,0,1,1082758
3611,6,3.5,59,20133,13.867514291824733,1,5,1966,0,2,2000000
2061,3,1.5,12,32430,1.4111673174664987,1,5,2013,1,3,2000000
1415,3,2.5,8,3000,20.249385221439407,1,7,2017,1,3,749387
3674,6,3.0,3,33013,4.842204718385778,1,8,2022,1,3,2000000
2478,5,3.5,4,19911,40.0,0,7,2021,1,2,554787
1319,4,2.5,14,3704,9.547395027787047,1,8,2011,1,3,2000000
1851,4,2.5,22,9371,20.381061071471986,1,8,2003,0,3,1304563
1407,3,2.0,2,4791,3.577938430366056,1,6,2023,0,3,1961007
1149,3,2.0,70,5756,6.315890867817831,0,7,1955,0,2,988436
2894,4,2.5,35,32076,5.196229966868755,1,3,1990,0,3,2000000
4288,5,3.5,22,27637,1.931236107477532,1,6,2003,0,3,2000000
1142,2,1.0,44,6944,2.535293798088322,1,6,1981,0,3,1365149
2502,4,2.0,2,8661,7.2937272076376285,1,9,2023,0,3,2000000
1540,3,1.5,16,3000,10.662659319617948,1,7,2009,0,2,730953
1644,3,1.5,24,6501,3.2368160048632215,1,4,2001,0,3,2000000
1576,3,3.0,44,14568,6.009349813040316,1,8,1981,0,3,2000000
1414,3,2.5,38,3000,4.389401213895724,1,8,1987,0,3,2000000
2037,3,1.5,8,4847,7.673967492913096,1,6,2017,0,3,1731720
1433,3,1.5,70,6927,12.947742658624765,0,8,1955,0,3,770863
2226,3,2.0,3,5525,8.715818952256258,1,2,2022,1,3,1391614
1958,3,2.0,52,5454,5.011597831492846,1,2,1973,0,2,1090699
1816,3,2.0,88,6312,16.33137893932441,1,4,1937,0,3,552247
1389,2,1.0,4,3000,10.414691508912512,1,7,2021,1,3,1078625
1586,3,1.5,32,3961,8.90773659065588,1,9,1993,0,3,2000000
2703,4,2.5,1,18475,3.274811354319422,1,4,2024,1,3,2000000
2441,4,2.5,12,4992,15.177085141689426,0,5,2013,0,2,1237569
1351,3,1.0,18,3000,11.175840833736414,0,7,2007,0,2,583407
2079,3,1.5,21,6384,11.592629286276047,1,6,2004,0,1,651392
2698,5,2.5,68,18759,6.755313841455499,1,6,1957,0,3,2000000
1024,3,2.0,27,4077,5.834720031100142,1,6,1998,0,3,1232237
2483,4,3.5,16,8420,25.125480526675865,1,9,2009,0,3,1772158
1532,3,2.0,41,7051,5.7633097928628585,1,9,1984,0,3,2000000
2510,3,1.5,75,3946,2.6942237255447,1,7,1950,0,3,2000000
1472,3,2.0,0,8876,9.241424825567165,0,9,2025,1,3,2000000
970,3,2.0,101,5471,7.99898844751845,1,7,1924,0,2,923684
1042,3,2.0,2,3653,16.83292056121272,0,9,2023,0,3,586376
2037,4,2.5,42,16693,7.163467243149835,0,5,1983,0,3,2000000
2216,3,2.5,8,5049,12.660298186976817,0,5,2017,1,3,1293497
1391,2,1.0,3,12265,21.1748021415304,1,5,2022,0,1,314715
2579,4,2.5,14,12680,10.713787426093482,1,6,2011,0,3,2000000
1028,2,1.0,25,3764,3.4280147924288293,1,7,2000,0,2,1006391
1946,3,2.0,11,8617,10.931918626831711,1,7,2014,0,1,956595
1231,2,1.0,1,5173,6.092917938967491,1,10,2024,0,3,1429376
1539,3,1.5,22,14343,9.708430608617645,0,8,2003,0,3,1256928
2036,3,1.5,58,4782,8.044618029145997,1,6,1967,0,3,1275936
1416,3,2.0,12,4016,2.6389759361406124,0,6,2013,1,2,1160400
1713,3,2.0,6,14296,7.1323547778561025,0,9,2019,1,3,1987472
2988,4,2.0,14,9367,3.253634855958177,1,8,2011,0,3,2000000
1586,1,1.0,1,12201,5.413698060049109,1,9,2024,0,3,1533933
2791,4,2.0,42,34676,15.143072020381208,1,6,1983,0,3,2000000
1271,3,1.5,43,4475,8.524754241882839,1,5,1982,0,3,1069812
2469,5,3.0,22,16653,12.132909437060766,0,5,2003,0,2,2000000
3556,4,2.5,10,7975,9.044690415928999,1,6,2015,1,3,2000000
743,2,2.0,40,5237,6.439977575341548,1,5,1985,0,3,860888
1452,3,2.0,20,7334,9.72841926338528,1,7,2005,0,2,983145
2517,3,1.0,43,14982,1.633045360486165,1,7,1982,0,3,2000000
1842,3,1.5,24,5604,13.695978000631847,1,9,2001,0,3,1739534
2317,4,3.0,38,3832,4.017628433119691,0,3,1987,0,2,1820478
1569,3,2.5,22,9510,11.605279909458396,1,5,2003,0,1,729207
2068,3,1.0,13,3000,6.240255926129436,1,8,2012,0,3,2000000
1877,3,1.0,79,6953,2.640658697411083,1,7,1946,0,3,1909353
3187,4,3.0,19,25123,4.649836725214994,1,7,2006,0,3,2000000
2212,3,2.0,23,11123,11.647644721130092,1,9,2002,0,3,2000000
2287,3,1.5,6,32991,30.539911234107436,0,5,2019,0,1,283235
1694,3,2.0,24,14043,7.661731372473847,1,5,2001,0,3,1316659
1644,3,1.0,21,4976,28.208650956621323,1,5,2004,0,1,147988
1680,3,2.0,5,7653,1.6283426022194523,1,3,2020,0,3,2000000
2339,4,2.5,1,10188,6.626624038671736,1,7,2024,0,3,2000000
1688,3,2.0,23,3000,7.6664769535379875,1,6,2002,0,2,1309050
2243,3,1.5,36,5717,12.078925256160387,1,5,1989,0,1,635889
4583,5,3.0,18,14671,4.805214672998513,1,5,2007,0,3,2000000
2831,3,1.5,6,3739,10.388013126703532,0,6,2019,1,3,2000000
1753,3,2.0,27,8083,6.888194206380196,1,5,1998,0,3,1744812
3230,5,2.5,2,12466,18.475637060121908,1,7,2023,0,3,2000000
1697,3,1.5,14,3000,9.247562024866651,1,7,2011,1,3,1527443
884,2,1.0,4,5049,40.0,1,6,2021,1,3,136848
1335,3,2.0,5,9193,6.931332964630128,0,6,2020,1,2,933793
945,2,1.5,5,4853,17.675657858446623,0,7,2020,0,1,347918
1736,3,1.5,12,6405,21.536417919725366,1,6,2013,1,3,600479
2012,4,2.5,1,12858,0.5,0,9,2024,1,3,2000000
3907,4,2.0,12,26335,13.57565684413056,0,7,2013,1,1,2000000
2277,4,2.5,17,12271,6.735807338983745,0,8,2008,0,3,2000000
1830,2,1.0,16,5000,3.009821778586499,1,8,2009,0,3,2000000
2784,4,3.5,12,14729,18.692981626996946,1,4,2013,1,1,1279064
825,2,1.0,45,7575,5.0436944113176665,1,5,1980,0,2,545583
2195,3,2.5,3,6877,1.5242966818401573,0,6,2022,0,3,2000000
2719,5,3.5,17,42906,9.413509340513922,1,8,2008,0,3,2000000
1106,2,1.5,1,3616,20.580727900546954,1,10,2024,0,3,660825
3157,4,3.0,1,14426,3.048081754412892,1,6,2024,0,3,2000000
2287,4,2.5,21,6846,14.831414107353169,1,7,2004,0,2,1603957
1692,4,2.5,20,8670,1.093859317116475,1,8,2005,0,3,2000000
2573,3,2.0,52,4054,21.566455150652875,0,6,1973,0,2,779314
4955,6,4.0,20,16002,10.8670557979774,1,9,2005,0,3,2000000
2148,4,3.0,80,4999,2.750092504160329,0,4,1945,0,3,2000000
2206,4,2.0,1,10722,13.907505829571718,1,8,2024,0,3,2000000
1662,3,1.5,2,13527,5.2863070216816475,1,8,2023,1,3,2000000
1422,3,1.5,1,9390,3.6882852029060964,1,9,2024,1,3,2000000
2785,4,2.0,5,3007,5.190593566986829,1,7,2020,1,3,2000000
1418,3,2.0,19,21638,12.943772581110665,1,8,2006,0,3,1066332
2056,3,2.5,25,11000,3.4782055481769203,1,6,2000,0,2,2000000
1650,1,1.0,1,4640,0.6436756586291835,1,5,2024,0,3,1582327
2420,4,2.5,72,11917,5.416592549531556,1,5,1953,0,3,2000000
2283,4,2.5,46,11372,19.211999715635073,1,4,1979,0,1,686850
3026,3,2.0,8,9089,19.039314085716796,1,6,2017,1,2,1538936
1629,2,1.0,2,8221,5.184418613397036,1,7,2023,0,3,1249857
1793,3,1.5,4,5581,5.030189519964817,1,6,2021,1,2,1382420
1350,4,2.5,3,4746,4.770551192755725,1,7,2022,1,3,2000000
1672,3,2.5,3,4964,4.592208155060062,1,9,2022,1,3,2000000
2323,3,1.5,18,4407,4.86729820226644,1,6,2007,0,3,2000000
2704,4,1.5,7,13226,9.751676642362721,1,10,2018,1,3,2000000
1381,3,2.0,11,8793,19.52527111255659,1,8,2014,1,3,951171
2829,4,2.0,113,17267,3.472894636949382,1,6,1912,0,3,2000000
3436,4,2.0,28,25185,4.092237208885127,1,6,1997,0,3,2000000
2357,3,1.5,74,12832,10.584065381715886,1,5,1951,0,2,1180585
4233,5,3.0,3,13780,13.469853144428154,0,6,2022,0,2,2000000
1466,3,1.5,12,10873,1.9686410233401472,1,3,2013,0,3,1478209
1214,3,1.0,20,3000,24.45935952441824,1,9,2005,0,3,599151
980,3,2.0,1,3000,6.267954066057912,1,1,2024,1,3,958994
3635,5,3.5,0,9134,2.171855251241024,1,7,2025,0,2,2000000
2596,4,2.5,27,22242,1.8680117964701284,1,4,1998,0,3,2000000
1954,2,1.0,25,15418,1.7494525452264822,1,5,2000,0,2,1409007
2234,4,2.5,13,13412,17.44539022834441,0,5,2012,1,3,1225641
1273,3,2.0,16,10854,8.578021450980458,0,10,2009,0,3,1936866
5000,6,4.0,13,13221,17.55432646428821,1,5,2012,1,1,2000000
2104,5,3.5,0,11623,7.390374817731722,1,8,2025,1,3,2000000
2087,4,2.0,10,8676,17.22062056013102,1,9,2015,0,3,2000000
2671,4,2.5,4,19897,7.247317670622568,1,2,2021,1,3,2000000
2422,3,2.0,2,10129,12.042676676412915,1,5,2023,1,2,1678170
2185,4,3.0,78,7772,7.786114896272229,1,9,1947,0,3,2000000
1456,3,2.0,22,9027,6.907026239928765,1,4,2003,0,3,1326773
2412,3,2.0,32,18286,3.794007215211384,1,9,1993,0,3,2000000
4242,6,3.5,9,12730,13.236479585454497,0,6,2016,1,3,2000000
3422,4,3.0,12,14784,3.0617688098581723,1,6,2013,1,3,2000000
3779,6,4.0,6,8974,13.22096126002759,0,7,2019,1,2,2000000
1628,3,1.5,2,3000,8.873851518157732,0,7,2023,0,2,911471
1345,2,2.0,4,6798,13.470706019560804,1,5,2021,1,2,917313
1900,4,2.5,39,12270,9.45604623985278,1,6,1986,0,3,2000000
2043,3,1.5,28,10715,18.517428761158047,1,7,1997,0,2,907970
3095,5,3.0,19,4306,11.216917785661382,1,7,2006,0,2,2000000
1015,3,2.0,16,3685,9.01547191610786,1,7,2009,0,3,1188482
3684,4,2.5,63,4362,0.5434623537041032,1,5,1962,0,3,2000000
1875,3,2.0,1,19114,19.028168018089392,1,8,2024,1,3,1545355
1684,4,2.5,8,3933,1.7279905367181692,1,7,2017,0,3,2000000
1332,2,2.0,10,12678,2.3843910106244466,1,4,2015,1,3,1951630
1030,2,1.5,38,8142,14.370323541518559,1,6,1987,0,1,420194
2777,4,2.5,120,7250,8.340500048973325,1,5,1905,0,3,2000000
2057,4,3.0,6,4671,1.8110827240620775,1,5,2019,1,3,2000000
1192,4,2.0,51,6591,5.02417462200733,1,6,1974,0,3,1448693
1190,2,1.5,44,3213,18.352238715896597,1,8,1981,0,3,804420
1747,3,2.5,6,8326,9.246529413691368,1,5,2019,0,3,1600981
3895,6,3.5,12,13065,8.498270965143544,1,7,2013,0,3,2000000
1801,3,1.5,13,3000,4.510887941065433,0,7,2012,0,2,1345680
1095,3,1.5,95,3000,14.727765678812254,1,5,1930,0,2,385496
1811,3,1.5,4,9298,7.563494211336473,1,6,2021,1,2,1300107
1791,3,1.5,40,5730,12.85952919164596,1,8,1985,0,3,1173713
679,2,1.0,10,3000,4.11180435478546,0,7,2015,0,3,998270
1955,4,2.0,32,13301,30.648610511402403,1,7,1993,0,2,402984
1821,4,2.5,13,16501,20.650945019132223,1,9,2012,1,3,1788398
2639,5,3.5,21,10042,9.172728168604863,1,7,2004,0,2,2000000
4186,6,3.0,44,15292,10.71072047210338,1,3,1981,0,2,2000000
3135,4,3.0,40,18967,5.065219847593254,1,7,1985,0,2,2000000
1794,3,2.0,50,3561,13.5908071137382,1,5,1975,0,3,1213698
1283,2,1.5,1,6573,0.7289555811150024,0,10,2024,1,3,2000000
5000,6,3.5,29,31204,24.20937529556548,1,7,1996,0,1,2000000
2046,3,2.0,3,13791,13.037107876369962,1,5,2022,0,3,1211726
2009,3,1.5,13,3000,3.4071249791043146,1,8,2012,1,3,2000000
1979,4,3.0,19,5616,23.816554851416672,1,7,2006,0,2,806703
2162,3,2.0,12,5720,28.929594649659194,0,3,2013,1,3,455815
1886,4,2.5,18,8974,11.13558192118482,1,8,2007,0,3,2000000
1588,4,2.0,120,9496,4.174319638440597,1,6,1905,0,3,1373905
1605,3,1.5,3,17657,8.600302674178364,1,9,2022,1,3,2000000
1972,2,1.5,28,6567,12.308911456862948,0,6,1997,0,1,531937
1607,3,1.5,12,5343,10.471652215302068,1,9,2013,1,3,1886154
1502,3,2.0,3,13418,3.407601758000542,1,7,2022,1,3,2000000
2085,3,1.5,4,11164,12.150734081790159,1,8,2021,0,3,1986143
1804,3,2.0,74,17298,18.207644938570688,1,6,1951,0,1,520081
3646,5,2.5,52,19430,2.6863327915277617,0,7,1973,0,3,2000000
692,3,2.0,59,3000,3.01224770199715,1,3,1966,0,3,697337
3092,5,3.5,119,6227,4.888121589954981,1,6,1906,0,3,2000000
3289,4,2.0,5,5810,7.0260241845011375,1,4,2020,0,3,2000000
871,2,1.5,10,5807,14.989346999737547,1,4,2015,1,2,387789
1742,3,2.0,27,15929,18.071253750904518,1,5,1998,0,3,703805
1722,3,1.5,16,23408,4.013667011421974,0,8,2009,0,3,2000000
1137,3,1.5,13,8450,9.689361099936844,1,6,2012,1,3,972281
1463,3,1.0,11,13173,17.579522439357774,0,7,2014,1,1,469120
1281,3,2.0,22,4053,31.789286371254274,1,6,2003,0,1,187834
4027,6,3.0,21,9017,9.651745685335417,1,8,2004,0,3,2000000
2905,5,3.0,4,21681,10.049468464525582,1,7,2021,1,3,2000000
3322,4,2.5,15,19128,11.185106187226355,1,7,2010,0,1,2000000
2666,4,2.5,20,12743,6.445879837451178,0,5,2005,0,3,2000000
1272,3,1.5,21,7192,9.108722575883194,0,9,2004,0,3,1498545
1620,2,1.0,5,8813,0.9954649048603188,1,9,2020,1,3,2000000
2430,4,2.5,33,23527,5.088997461180438,1,6,1992,0,3,2000000
1225,2,1.5,0,11940,12.015998914961445,1,5,2025,0,3,895964
2657,4,2.5,10,16506,3.8045844445129067,0,4,2015,0,2,2000000
1815,3,2.0,37,13511,15.233046583597119,0,5,1988,0,2,619201
1719,3,1.0,20,10487,1.482045095176483,0,3,2005,0,3,1774086
2655,4,2.5,7,9022,14.82837027748555,1,5,2018,1,2,1797677
2386,3,2.0,29,16836,14.800651341894833,1,7,1996,0,2,1530189
1729,3,1.5,20,3356,32.16030263331313,1,6,2005,0,1,179854
3177,4,2.5,39,26796,6.239628032717364,1,10,1986,0,3,2000000
1296,3,2.0,33,3000,8.346100325662288,1,6,1992,0,2,880445
2556,3,1.5,23,13598,22.66081123632055,1,6,2002,0,3,1004390
2533,4,2.5,16,6836,20.758718741190876,1,8,2009,0,3,1848901
1765,4,3.0,3,11025,16.804004881394448,0,3,2022,1,1,537612
2276,3,2.0,7,9994,10.73561782744058,0,4,2018,0,3,1493373
1211,2,1.0,13,3000,22.253326318997363,1,8,2012,0,3,590045
2891,4,2.5,22,16676,39.666526947347634,1,6,2003,0,2,360527
1855,3,2.5,18,5877,12.820941431324638,1,6,2007,0,2,810557
1621,3,2.0,8,12326,8.65581793830663,1,5,2017,1,2,1524683
3039,4,3.0,0,13630,13.9206791765292,0,7,2025,0,3,2000000
1507,3,2.5,17,8562,9.550567069833404,0,5,2008,0,3,1176523
1137,3,2.0,8,3000,6.692794225827945,1,7,2017,0,2,1232067
1072,3,2.0,33,3373,15.27790573412335,1,4,1992,0,3,618573
2546,4,3.0,0,8665,5.517546264356714,1,6,2025,1,3,2000000
1197,3,2.0,21,8969,12.635614721137841,1,10,2004,0,3,1480532
4031,6,3.5,70,49424,1.8960937371199806,1,6,1955,0,3,2000000
868,2,1.0,4,3000,24.926286324449304,0,6,2021,0,2,253600
3938,5,3.5,15,33675,4.282292759128961,1,6,2010,0,3,2000000
2174,4,2.0,2,3000,2.340683667820222,1,7,2023,0,3,2000000
1922,3,2.5,24,4207,20.28173863176025,1,7,2001,0,2,839021
1606,2,1.5,19,4049,22.859657765999557,0,7,2006,0,1,271571
2344,4,2.0,13,4666,10.575930134797456,1,7,2012,1,3,2000000
1968,3,2.0,18,3410,7.734343910649227,1,6,2007,0,3,2000000
3106,4,1.5,56,17834,6.3631428983144485,1,7,1969,0,3,2000000
2091,4,2.5,5,8241,10.158121775877898,1,6,2020,1,1,1337734
2122,3,2.0,0,11941,8.075681024041053,1,3,2025,1,3,1725121
1727,3,1.5,49,11712,7.326588442575545,1,10,1976,0,3,2000000
1953,3,2.0,21,10264,3.879921349793611,1,8,2004,0,3,2000000
2260,4,3.0,55,15029,2.9174274512968843,0,5,1970,0,3,2000000
1008,2,1.0,22,4332,8.910822757740743,1,7,2003,0,3,1007881
1165,3,1.5,41,3000,9.929949618750202,1,4,1984,0,3,783912
2690,4,3.0,14,22742,4.504497242768208,0,6,2011,0,3,2000000
2139,3,2.5,34,6731,5.085555200763449,1,4,1991,0,2,1913817
1856,4,2.5,61,4744,9.912314790861867,1,6,1964,0,3,2000000
2012,3,2.0,21,8104,3.7869852182568664,0,4,2004,0,2,1002135
2296,4,3.0,4,5950,17.249015139745303,1,7,2021,1,3,2000000
1610,3,1.5,7,5616,12.279128506983454,1,8,2018,1,3,1241551
1463,4,2.0,5,8060,4.467432577233085,1,5,2020,0,3,1926151
2161,3,2.5,7,11936,11.836368894031505,1,7,2018,1,1,1325986
1351,3,2.5,9,3532,3.8729615774406714,1,5,2016,0,3,1737944
2352,4,2.5,20,7866,14.848455700493089,0,7,2005,0,1,864546
1011,2,1.0,22,8632,4.014102434828488,1,5,2003,0,2,662365
3015,5,4.0,13,18200,7.616042052794355,1,8,2012,1,3,2000000
2413,3,1.5,23,37558,9.32394267942681,0,3,2002,0,3,2000000
2213,3,1.5,2,20134,22.628899149848685,1,5,2023,1,3,733097
2960,4,2.5,2,26357,4.252231619165025,1,5,2023,1,3,2000000
3890,5,3.5,4,7581,4.097274170434664,1,7,2021,1,3,2000000
2998,5,3.5,18,21247,2.027740419570034,1,7,2007,0,2,2000000
956,2,1.5,6,4150,27.1504865305424,1,7,2019,1,3,307249
1197,2,1.5,8,3854,8.560040365178018,1,6,2017,1,2,780561
1556,3,2.0,12,7713,17.534176287613644,0,1,2013,1,1,315653
2019,4,2.5,41,15954,5.163377847835569,0,7,1984,0,2,2000000
2457,3,1.0,0,14871,5.5820129933579645,0,8,2025,1,3,2000000
1494,3,1.5,26,3952,8.040365883271916,0,10,1999,0,3,1644955
2153,4,2.5,27,15064,8.226841575731527,1,6,1998,0,3,2000000
1477,3,1.5,40,4515,13.568162833262253,1,5,1985,0,3,947938
1564,3,2.0,67,7982,8.750975251425565,0,7,1958,0,3,1171900
1138,3,1.5,0,4251,6.156505018116331,1,6,2025,0,2,865704
1381,1,1.5,4,5427,27.486495650643626,0,9,2021,1,3,572647
1163,3,2.5,54,8254,3.8315524119824236,1,5,1971,0,3,1514320
1352,2,1.0,15,3246,4.273143336859428,1,6,2010,0,3,879450
3045,3,1.5,20,43843,3.8817257186595553,1,8,2005,0,3,2000000
1366,3,2.0,27,3000,13.940179582715487,0,7,1998,0,2,800761
5000,6,3.5,28,15655,11.57646627799833,1,9,1997,0,3,2000000
2434,4,2.5,67,13621,7.351295679192801,1,6,1958,0,3,2000000
2151,4,2.0,120,13688,3.701166083053428,1,9,1905,0,3,2000000
1417,4,2.0,31,5979,9.293856365915875,1,4,1994,0,2,792729
2644,5,3.0,8,11448,15.319879228956294,0,4,2017,0,3,2000000
1587,4,2.5,52,9099,23.25145140508717,1,9,1973,0,3,1301278
2098,4,2.0,1,8185,4.975349999747845,1,7,2024,0,2,2000000
5000,6,4.0,6,50000,7.331025744486112,1,8,2019,1,3,2000000
1922,2,1.0,56,14253,11.495705319037341,1,7,1969,0,2,1211427
3164,4,2.5,7,23939,6.1054227404437755,1,6,2018,0,3,2000000
1508,2,1.5,6,3785,2.385470024706303,1,4,2019,0,2,1376429
1970,4,2.5,3,8418,7.360281709733694,1,6,2022,0,2,2000000
4057,5,3.0,48,15182,2.708372975136034,0,9,1977,0,3,2000000
1554,3,1.5,17,3809,16.234825679546468,1,7,2008,0,2,976185
4125,5,3.0,28,22946,6.513102661466511,1,8,1997,0,3,2000000
2652,4,2.5,6,8608,7.945139408729212,1,8,2019,1,3,2000000
1595,4,2.0,35,10592,4.374128018491631,1,5,1990,0,2,2000000
2573,3,1.5,35,6067,8.18542642367814,1,8,1990,0,3,2000000
2948,4,2.0,9,37060,19.610911363367588,1,6,2016,0,2,1830657
2562,3,1.5,13,6705,17.461090536999922,1,6,2012,1,3,1556654
1066,2,1.0,5,5449,3.137429177320425,1,10,2020,1,3,1628260
1493,3,1.5,93,10760,0.5,1,8,1932,0,3,2000000
1809,3,1.5,25,5756,7.405350450868214,1,5,2000,0,3,1665848
1939,3,2.0,68,14492,6.549452897055705,1,7,1957,0,3,1729677
2561,3,2.0,9,5489,6.228179128780226,1,7,2016,1,2,2000000
2145,3,2.0,38,22975,5.252662059516079,1,10,1987,0,3,2000000
1171,2,1.0,36,5292,3.068068218982577,0,7,1989,0,3,1124873
2326,3,1.5,29,7288,33.60925114465107,1,10,1996,0,3,749655
2550,4,2.0,84,9550,27.134300211305383,1,4,1941,0,1,394516
2499,4,2.0,12,18196,6.011605491967119,1,6,2013,1,3,2000000
3078,4,2.5,3,9714,9.195359833793123,0,5,2022,0,3,2000000
2789,4,2.0,27,7973,16.433955212867964,1,6,1998,0,1,1112613
2401,3,1.5,32,9421,9.172625925431237,0,6,1993,0,2,956177
1942,3,1.5,21,4295,5.620184952388977,1,5,2004,0,3,2000000
1028,3,2.0,5,13734,2.4303384393436684,0,10,2020,0,3,2000000
2372,3,2.0,17,7567,8.412485286282337,0,9,2008,0,3,2000000
2171,3,1.5,9,16025,2.7497606363639333,0,7,2016,0,2,2000000
2227,3,1.5,13,11317,18.719415046414266,1,6,2012,1,1,660082
1199,3,1.5,25,3000,8.126718384168102,1,5,2000,0,2,795342
1296,3,2.0,34,5787,12.16703532523935,1,8,1991,0,3,1269310
3045,4,2.0,6,21843,6.391394032231705,1,7,2019,1,3,2000000
1966,3,2.0,12,7869,14.914710807248445,0,6,2013,0,2,856153
2624,3,1.0,7,24060,4.8848625053959065,1,7,2018,1,3,2000000
2020,4,2.5,5,16709,10.357912937090674,1,8,2020,1,3,2000000
2022,3,2.0,38,15727,6.19989325480646,1,6,1987,0,2,1698438
2908,5,3.0,59,9891,6.982154052294856,1,5,1966,0,3,2000000
1625,3,3.0,11,3809,16.287375454087567,1,4,2014,0,2,785966
2076,3,2.0,34,6438,4.344161028382983,0,7,1991,0,3,1958282
1660,2,1.0,56,8369,10.883221864116452,1,10,1969,0,3,1174815
1679,2,1.0,46,10440,20.23382228958979,1,5,1979,0,2,348239
1765,2,1.0,5,3000,15.882737845223538,1,8,2020,1,3,1232407
2183,4,2.5,78,9736,5.006780364442999,1,5,1947,0,2,2000000
1649,3,1.5,11,8125,11.977225311554884,1,6,2014,0,3,741164
3302,4,3.0,10,12528,1.483510351264283,1,8,2015,1,3,2000000
1397,3,1.5,1,13586,16.666017484099875,1,6,2024,1,1,547733
1854,3,2.0,16,10701,39.59113539778435,1,7,2009,0,1,151178
1675,3,1.5,2,16476,10.437742850067197,1,7,2023,1,3,1726184
3564,6,4.0,7,14031,20.908335549480782,1,5,2018,1,1,2000000
2161,4,2.5,9,16997,2.3168420427911784,0,8,2016,1,3,2000000
3019,4,3.0,41,36088,3.3893836604051844,0,6,1984,0,2,2000000
1102,2,1.5,52,10849,6.372235442885108,0,4,1973,0,2,552969
2223,2,1.5,9,5173,7.355453677417229,1,5,2016,1,3,1813413
2852,4,2.5,48,10977,10.485959799941378,0,1,1977,0,3,1767197
2065,3,2.0,48,7523,5.027588327552249,0,7,1977,0,2,1273926
3060,4,1.5,36,18392,9.267689974348542,0,9,1989,0,3,2000000
1624,3,1.5,3,10986,16.26527519001538,1,5,2022,0,1,586690
3511,5,3.5,29,9512,11.945923369110359,1,8,1996,0,3,2000000
5000,6,3.5,72,23339,6.206391864526708,0,7,1953,0,3,2000000
1728,3,1.0,28,3000,14.09750021021063,1,5,1997,0,2,564022
1672,3,2.0,10,17799,5.991781590301638,1,9,2015,1,3,2000000
3573,5,3.5,17,11775,8.890947315749491,0,6,2008,0,3,2000000
3758,4,3.0,25,17416,15.697744263701289,1,10,2000,0,3,2000000
1621,4,2.5,17,6033,7.203914998776966,1,4,2008,0,3,1612940
1689,3,2.0,3,15055,2.711310112953285,1,6,2022,0,2,1662571
1785,3,1.5,9,3000,8.704991560375186,0,6,2016,0,2,1024655
1167,3,1.0,40,5178,15.793002308727477,1,6,1985,0,2,461894
1383,3,1.5,49,5816,16.792537677800404,1,8,1976,0,3,943994
1337,3,2.5,3,4564,3.2607878185980366,1,10,2022,0,3,2000000
1469,3,1.5,76,18547,13.70702658134624,0,7,1949,0,2,618995
1970,3,1.5,9,5184,6.870034963098902,1,7,2016,1,3,2000000
2194,4,2.5,27,15623,21.839793058131423,0,5,1998,0,1,510690
3715,4,3.0,34,20617,2.767519283882711,0,3,1991,0,3,2000000
1340,3,2.5,41,12801,13.527141208824617,1,9,1984,0,3,1511168
2962,4,3.5,72,8895,6.289368443674174,1,6,1953,0,3,2000000
1834,3,1.5,9,5294,5.095144830805153,1,10,2016,0,3,2000000
1959,3,2.0,48,16946,16.181121546011386,1,8,1977,0,3,1505134
2617,3,1.0,3,15138,17.937683606693234,1,7,2022,0,3,1846767
1275,2,2.0,30,3000,1.0242541950970812,0,7,1995,0,3,1869607
2328,4,2.0,33,7549,16.37925591777004,0,7,1992,0,2,933114
2135,3,2.0,28,12064,7.899275329294292,1,5,1997,0,3,1766492
2433,3,1.5,7,18025,8.52046227377253,1,3,2018,0,3,1742707
2243,4,2.0,51,6687,2.6195702548130213,1,6,1974,0,3,2000000
5000,6,3.5,4,3899,12.904923405123299,1,6,2021,0,1,2000000
1548,3,1.5,1,9496,34.14835497158744,1,5,2024,1,3,364238
1615,3,1.5,31,3480,5.36407603376527,0,4,1994,0,3,1098078
1557,3,1.5,16,3000,19.0995731224759,0,5,2009,0,2,453085
1600,4,2.5,47,3000,8.283799548588993,1,8,1978,0,3,1991917
1548,2,1.0,12,11306,5.545998639298246,0,8,2013,0,3,1490846
3215,5,3.0,4,15564,2.136109959194086,1,7,2021,1,2,2000000
3526,5,3.5,45,13801,20.935457709901435,1,8,1980,0,3,2000000
1590,3,1.5,19,16397,9.07145012807389,1,4,2006,0,3,1117937
1432,3,1.5,5,9407,5.787057776444316,1,5,2020,0,2,1126606
2412,4,2.5,31,28509,6.605934488912442,0,7,1994,0,2,2000000
1602,3,2.5,17,3113,13.63605044381064,1,5,2008,0,2,900816
2573,4,2.5,23,11294,5.779248766560672,1,7,2002,0,2,2000000
2167,3,1.5,15,3681,3.671669514187128,1,4,2010,0,3,1718647
1089,3,2.0,44,4253,7.6209408775766345,1,4,1981,0,2,784546
3710,5,2.5,44,14322,7.439986532841169,1,8,1981,0,3,2000000
4098,4,2.5,30,26748,7.312516877890772,1,8,1995,0,3,2000000
1563,4,2.5,2,7199,5.842756765858025,1,5,2023,1,3,2000000
1711,2,1.0,45,11146,19.544059114312674,1,4,1980,0,1,276036
2240,4,2.0,27,15310,40.0,1,3,1998,0,1,181590
2284,4,2.0,29,37295,3.2684163506830286,1,10,1996,0,3,2000000
2600,3,2.0,11,9643,0.8308102215454122,1,7,2014,1,3,2000000
4465,5,3.5,52,11377,6.905035016181557,1,5,1973,0,3,2000000
1861,3,1.5,32,9667,0.9699948903752099,0,6,1993,0,2,1423582
1451,3,2.0,2,4018,1.9187368604606392,1,3,2023,1,2,1518891
1150,2,1.0,13,12540,5.443179798517825,1,8,2012,1,3,1356298
1491,3,1.5,54,5637,13.567161327894228,1,10,1971,0,3,1323775
1971,4,2.5,1,6291,6.842236866242127,1,5,2024,0,3,2000000
4096,6,3.0,81,13835,0.5567172295469859,1,10,1944,0,3,2000000
1624,3,1.5,28,11200,6.771148998860657,1,6,1997,0,3,1864626
2185,3,1.5,24,8908,7.178573704695651,1,10,2001,0,3,2000000
1985,2,1.5,7,6053,7.273578641716492,1,7,2018,0,2,1135141
3214,4,2.5,7,39123,17.6252736505846,0,7,2018,0,1,2000000
5000,6,2.5,71,13406,15.661622817151065,1,10,1954,0,3,2000000
1615,4,1.5,8,7394,8.808473001086979,1,8,2017,0,3,2000000
1642,2,1.0,37,10884,29.924058762485522,1,7,1988,0,2,270604
3034,4,2.5,12,5109,5.430641941147122,0,3,2013,0,3,2000000
2624,4,1.5,3,15687,7.543045249388262,1,4,2022,0,3,2000000
4182,5,3.0,0,9951,8.176831325766592,1,7,2025,1,3,2000000
2523,3,1.5,19,18524,2.1114503060485053,1,9,2006,0,3,2000000
1730,3,2.5,93,4351,8.30880186723529,1,7,1932,0,3,1384556
2530,4,2.0,11,17182,1.7065112329349468,1,5,2014,1,2,2000000
3113,4,2.5,11,27087,4.7371798716848215,0,3,2014,0,3,2000000
2774,4,2.5,10,20845,9.11044642337336,1,5,2015,1,3,2000000
2447,4,1.5,18,12751,2.4846700917018056,1,7,2007,0,3,2000000
3061,4,2.5,14,11940,10.650994154424273,1,5,2011,1,3,2000000
3189,4,2.5,52,10113,4.105902751536855,1,5,1973,0,3,2000000
3473,5,3.0,17,37623,6.188749979181245,1,6,2008,0,2,2000000
2590,4,4.0,17,7629,12.030595867531517,1,9,2008,0,3,2000000
1868,3,1.0,3,4493,7.813584276827954,1,8,2022,0,3,1879022
2118,4,3.0,101,14149,10.47211360182947,1,7,1924,0,3,2000000
3237,5,3.0,7,8997,11.504293235920116,1,7,2018,1,3,2000000
1441,3,2.0,1,3652,7.71471774744013,1,7,2024,1,2,1730742
2315,4,2.5,27,4363,10.91502615229034,1,6,1998,0,1,987791
1707,3,1.5,22,5725,4.6687544948414414,1,6,2003,0,3,1859167
2021,4,2.0,13,8618,11.92515743357093,1,8,2012,1,3,1883727
3332,5,3.0,13,17277,6.940360723772678,1,6,2012,0,2,2000000
2156,3,1.0,38,17099,19.88645483065256,1,4,1987,0,2,509744
2035,4,2.5,5,12511,9.253896240935159,1,9,2020,0,3,2000000
1159,2,1.0,42,4632,5.2606106586642465,0,3,1983,0,2,448881
2693,3,1.5,26,10716,12.075328232099665,1,9,1999,0,3,2000000
2586,3,1.5,13,15740,20.470865284028847,1,7,2012,1,3,1542814
4747,6,4.0,15,45652,5.669860126901699,0,5,2010,0,3,2000000
1766,4,2.0,7,8537,4.898353746240155,1,7,2018,0,3,2000000
2181,5,3.0,34,7376,0.5,1,6,1991,0,2,2000000
2207,4,2.0,17,5451,9.236798366365356,0,8,2008,0,3,2000000
3755,5,3.5,9,7070,6.399904095443022,1,8,2016,1,3,2000000
1923,2,1.5,22,12853,12.039390798039255,1,7,2003,0,3,1420448
2234,3,2.5,120,14162,12.225974355428805,1,8,1905,0,3,1734932
2548,3,1.5,14,16146,2.2135680050776614,1,6,2011,0,3,2000000
2153,3,2.0,63,8932,15.614332394639538,1,10,1962,0,3,1848221
1671,3,2.0,10,17419,4.30209192772108,1,9,2015,0,3,2000000
2159,3,2.5,1,7236,5.6964015368098595,0,6,2024,1,3,2000000
3070,3,1.5,5,24406,10.695562640266248,0,8,2020,1,3,2000000
1325,3,2.0,13,5801,3.0638737260750153,0,8,2012,0,3,2000000
2107,3,1.5,6,6555,4.941725457743247,0,6,2019,0,2,1530263
1510,3,2.0,0,9656,2.7952690270722997,0,6,2025,1,3,2000000
3222,5,3.0,61,18463,16.557306542385128,1,9,1964,0,3,2000000
1086,2,1.5,46,6029,6.109232163309086,1,6,1979,0,3,1054977
1597,2,1.0,33,7514,2.5314168077374237,1,7,1992,0,3,2000000
2323,3,2.0,4,10176,2.7157074823177725,0,9,2021,1,3,2000000
3737,5,3.5,3,50000,14.723221496764761,1,10,2022,0,3,2000000
1946,4,3.0,1,17749,3.963778744741006,1,6,2024,0,3,2000000
1600,2,1.5,32,11064,5.588313183619458,1,6,1993,0,3,1295940
4240,6,3.5,66,20320,8.578238733975834,1,7,1959,0,3,2000000
1119,2,1.0,14,9177,6.462593023905487,1,7,2011,0,3,1289692
829,2,1.5,3,5069,1.223712078186137,1,7,2022,1,3,1929038
2382,5,3.5,17,10844,12.975266056502331,1,6,2008,0,3,2000000
1634,2,2.0,10,6103,6.855302317196843,1,4,2015,1,3,1606603
1328,3,1.5,11,5669,10.384175700419165,1,10,2014,1,3,1429546
2652,4,2.5,24,3000,13.656736341725171,1,8,2001,0,3,2000000
2202,4,1.5,31,11197,0.9013367930252567,1,6,1994,0,2,2000000
1594,3,1.5,2,5328,13.74596037552009,1,7,2023,1,1,826100
1197,3,2.0,0,13949,37.10131535828089,1,10,2025,0,3,307270
2832,4,2.0,120,12840,11.208999405537739,0,5,1905,0,3,1665518
2591,4,2.5,6,5689,20.099371044778284,1,7,2019,0,2,1528625
1920,3,1.5,1,8351,16.172860944924757,1,4,2024,1,1,570532
4182,6,3.5,5,10005,13.392230934459468,1,6,2020,1,1,2000000
1302,2,1.0,0,7751,16.57048957623192,1,8,2025,0,3,965838
1085,3,2.0,12,5790,18.52732465622964,0,4,2013,1,2,326781
1515,3,1.0,40,12062,19.030845789629275,1,6,1985,0,3,662121
1962,4,2.5,10,5470,2.708374319038393,1,8,2015,1,3,2000000
2202,3,1.0,14,10072,17.275475240783507,1,8,2011,1,3,1958216
1814,2,1.5,28,3584,6.776171101034764,0,4,1997,0,2,739341
2300,4,2.5,17,15702,19.49702092894067,0,7,2008,0,2,1050451
1211,2,1.5,49,7409,11.924888944762353,1,8,1976,0,3,882392
3559,4,3.0,50,21476,2.668720041203459,1,7,1975,0,3,2000000
1933,3,1.5,0,8671,21.326622428541626,0,8,2025,1,3,1036957
3124,5,3.5,37,17956,4.320634361946415,1,5,1988,0,3,2000000
2291,2,1.5,15,26885,6.509985382326274,0,7,2010,0,3,2000000
2398,5,3.0,112,9057,24.726042420050398,1,4,1913,0,2,600429
2509,4,3.0,16,12219,9.300104827227806,1,4,2009,0,2,2000000
2390,4,2.0,108,5582,6.2819560914062755,1,8,1917,0,3,2000000
2583,4,2.0,35,6875,7.8589808035344255,1,7,1990,0,3,2000000
3400,5,3.0,7,16158,6.173187793212453,1,6,2018,1,3,2000000
2161,4,2.0,19,18782,14.70373646828114,0,5,2006,0,1,1008136
2653,4,2.0,120,10195,6.329372121578666,1,8,1905,0,3,2000000
1927,3,2.5,48,7496,8.069340632261193,1,4,1977,0,3,1481352
3554,5,3.0,2,12477,12.656731796966657,1,8,2023,1,3,2000000
1524,3,2.0,30,4955,11.669591433702069,1,7,1995,0,3,1557747
4106,5,3.0,10,21964,4.644662254998841,0,4,2015,0,3,2000000
1966,3,1.0,0,3588,14.82899564825921,0,7,2025,0,2,933126
1127,3,2.0,12,10893,5.423642138211488,1,10,2013,1,3,2000000
2103,4,1.5,6,6322,3.319655865903759,0,9,2019,0,3,2000000
1521,1,1.0,42,10511,1.3706380242611458,0,5,1983,0,3,1266631
2796,4,2.0,10,5848,7.2393316853698195,0,8,2015,1,3,2000000
1539,3,2.5,43,10303,1.7306323800009407,1,4,1982,0,2,1552662
1671,3,2.0,0,11207,4.090294072218473,0,4,2025,1,2,1156811
938,2,1.0,9,5293,8.229051596316486,1,6,2016,1,3,928163
1667,4,3.0,6,4113,18.253176426691894,1,7,2019,0,3,1577564
757,3,1.5,6,3940,6.650670186647575,0,8,2019,1,3,1336990
1060,2,1.5,1,3000,2.1618947103322625,1,8,2024,1,3,2000000
2708,4,2.5,5,10428,7.654607824179687,1,7,2020,1,2,2000000
2736,3,2.0,20,22740,17.77048571486306,0,4,2005,0,2,1017793
2368,3,2.5,8,17116,6.527130803267472,0,6,2017,0,2,1722820
1357,2,1.5,13,6137,20.392220158430135,1,8,2012,0,3,651103
1960,4,2.5,11,4894,8.193043333191541,0,7,2014,0,3,2000000
1995,4,1.5,52,13170,13.782861112328428,1,7,1973,0,1,706138
1257,3,1.5,58,5699,9.824011850139833,1,7,1967,0,3,830086
3645,5,3.0,16,4059,19.728641936308076,0,7,2009,0,3,2000000
2838,4,2.5,10,20341,31.23224977629399,1,3,2015,0,1,458676
1829,3,1.5,2,8078,5.653944118564502,1,9,2023,0,3,2000000
2019,4,3.5,76,18616,9.400678990071736,1,6,1949,0,3,2000000
2171,4,3.0,1,5043,18.244173158295805,1,8,2024,0,3,1691209
882,3,2.0,8,3000,10.08084823805056,1,2,2017,0,2,484863
1810,4,2.5,8,9590,1.2906651472279869,0,9,2017,1,3,2000000
1521,3,1.5,9,8119,6.609634230410492,0,4,2016,1,3,1172692
1338,3,1.5,4,3000,10.017234856874888,1,10,2021,0,3,1600917
1785,4,2.5,38,4447,23.44053543407156,0,10,1987,0,3,896374
4101,5,3.0,3,50000,9.019695373459083,1,4,2022,1,2,2000000
2582,3,1.5,25,9633,3.845825285568423,1,8,2000,0,3,2000000
1590,3,2.0,3,11048,10.194450435735941,0,5,2022,1,1,500473
2512,3,1.5,1,7619,21.876644902309557,1,5,2024,1,2,742693
